From the coast of,Direction,Bearing (deg),Distance (km) From-To,Depth (mtr) From-To,Latitude (dms),Longitude (dms)
Cathedral (Chennai),SE,103,41-46,188-193,12 57 24 N,80 40 27 E
Vanavanmadevi,NE,83,15-20,19-24,10 33 34 N,80 1 5 E
Vaithikuppam,SE,99,9-14,22-27,11 56 7 N,79 56 16 E
Chinna Veerampattinam,NE,80,10-15,26-31,11 54 7 N,79 56 1 E
Ayothikuppam,SE,110,40-45,227-232,12 55 11 N,80 39 16 E
Thiruvanmiyur,NE,81,53-58,1372-1377,13 3 38 N,80 46 28 E
P. Pudukuppam,NE,79,11-16,27-32,11 53 37 N,79 55 55 E
Palavakkam,NE,77,59-64,2164-2169,13 4 45 N,80 48 43 E
Mattankuppam,SE,115,41-46,226-231,12 54 2 N,80 38 45 E
Koonimedu Kuppam,SE,121,8-13,18-23,12 2 36 N,79 58 32 E
Thiruchinnankuppam,SE,141,50-55,123-128,12 46 46 N,80 36 52 E
Nochikuppam,SE,116,8-13,19-24,12 2 10 N,79 58 18 E
Thandhirayankuppam,SE,91,8-13,19-24,11 58 8 N,79 56 21 E
Ondikuppam,SE,134,47-52,158-163,12 49 11 N,80 37 32 E
Pattinampakkam,SE,95,43-48,266-271,12 59 30 N,80 41 49 E
Ganapathichettikulam,SE,112,7-12,18-23,12 0 28 N,79 57 15 E
Arkkattuthurai,NE,26,26-31,23-28,10 37 25 N,79 59 8 E
Kameshwaram,SE,123,19-24,11-16,10 30 47 N,80 1 8 E
Lakshmipuram Odaikuppam,SE,129,44-49,200-205,12 51 38 N,80 38 3 E
Pondicherry,NE,83,10-15,24-29,11 55 37 N,79 56 13 E
Pushpavanam,NE,45,20-25,26-31,10 36 13 N,80 0 36 E
Vettaikaranrippu,SE,100,16-21,15-20,10 32 39 N,80 1 19 E
Nallathanneer Odaikuppam,SE,137,48-53,135-140,12 47 58 N,80 37 14 E
Mandavai Pudukuppam,SE,152,10-15,22-27,12 3 52 N,80 0 6 E
Nadukuppam,SE,92,8-13,19-24,11 57 38 N,79 56 17 E
Nemmelikuppam,NE,61,100-105,2692-2697,13 9 51 N,81 4 5 E
Panaiyurkuppam,NE,70,73-78,2491-2496,13 7 17 N,80 54 27 E
Akkaraipettai,NE,44,17-22,23-28,10 52 48 N,79 58 17 E
Kottivakkam,NE,79,56-61,1877-1882,13 4 13 N,80 47 35 E
Pudhukalpakkam,NE,61,97-102,2647-2652,13 9 46 N,81 2 50 E
Vedaranniyam,NE,23,28-33,17-22,10 38 13 N,79 58 39 E
Kathivakkam Chinnakuppam,SE,155,60-65,103-108,12 41 5 N,80 34 14 E
Chinna Neelankarai,NE,76,61-66,2323-2328,13 5 15 N,80 49 51 E
Sodhanaikuppam,SE,93,9-14,21-26,11 57 8 N,79 56 16 E
Chettinagar,SE,125,8-13,18-23,12 3 0 N,79 58 51 E
Chemacherry,NE,63,91-96,2631-2636,13 9 36 N,81 1 35 E
Ernavoorkuppam,SE,153,59-64,105-110,12 42 10 N,80 34 51 E
Periya Neelankarai,NE,75,64-69,2431-2436,13 5 45 N,80 51 1 E
Vellapallam,NE,69,17-22,21-26,10 34 30 N,80 1 13 E
Kanathur,NE,68,79-84,2568-2573,13 8 14 N,80 56 46 E
Vilunthamavadi,SE,113,17-22,12-17,10 31 42 N,80 1 15 E
Kanathur Reddy Kuppam,NE,67,82-87,2595-2600,13 8 39 N,80 57 57 E
Nagore,NE,85,11-16,20-25,10 50 5 N,79 57 58 E
Topputturai,NE,32,24-29,28-33,10 36 46 N,79 59 49 E
Thengaithittu,NE,85,10-15,26-31,11 55 6 N,79 56 11 E
Chennai,SE,126,43-48,206-211,12 52 51 N,80 38 21 E
Kasikoilkuppam,SE,149,55-60,107-112,12 43 18 N,80 35 25 E
Salavankuppam,NE,61,114-119,2911-2916,13 10 1 N,81 8 57 E
Pudu Nemeli Kuppam,NE,61,111-116,2882-2887,13 9 30 N,81 7 49 E
Karikal,SE,130,12-17,17-22,10 49 41 N,79 57 21 E
Pattipulam,NE,61,107-112,2832-2837,13 9 35 N,81 6 34 E
Mullimanagar,SE,92,45-50,377-382,13 0 29 N,80 42 36 E
Pattinacherry,SE,141,14-19,14-19,10 49 5 N,79 56 54 E
Egattur Karikattukuppam,NE,65,85-90,2614-2619,13 9 2 N,80 59 9 E
Thazankuppam,SE,159,65-70,91-96,12 38 56 N,80 32 56 E
Anichankuppam,SE,115,8-13,21-26,12 1 18 N,79 57 47 E
Srinivasapuram,NE,89,46-51,432-437,13 1 24 N,80 43 27 E
Kasiviswanathar koil Kuppam,SE,144,52-57,116-121,12 45 36 N,80 36 25 E
Pudhukuppam,SE,115,7-12,20-25,12 0 56 N,79 57 26 E
Palagaithottikuppam,SE,146,53-58,111-116,12 44 26 N,80 35 56 E
Pillaichavadi,SE,100,8-13,14-19,11 59 33 N,79 56 51 E
Soolerikattukuppam,NE,61,103-108,2747-2752,13 9 48 N,81 5 20 E
Nambiyar Nagar,NE,59,14-19,28-33,10 51 21 N,79 58 34 E
Komuttichavadikuppam,SE,139,9-14,21-26,12 3 33 N,79 59 42 E
Seruthur,NE,28,27-32,19-24,10 54 9 N,79 58 46 E
Samanthanpettai,NE,70,12-17,23-28,10 50 37 N,79 58 28 E
Mudaliarkuppam,SE,113,8-13,21-26,12 1 43 N,79 58 4 E
Orurkuppam,NE,86,48-53,648-653,13 2 15 N,80 44 23 E
Chinnorpettai,SE,153,20-25,13-18,10 48 23 N,79 56 43 E
Chinnandikuppam,NE,74,66-71,2454-2459,13 6 16 N,80 52 9 E
Bommaiyarpalyam,SE,95,8-13,15-20,11 59 7 N,79 56 36 E
Nagapattinam Harbour,NE,50,15-20,30-35,10 52 5 N,79 58 26 E
Chinna mudaliarchavadi,E,90,8-13,15-20,11 58 38 N,79 56 27 E
Covelong (Kovalam),NE,63,89-94,2616-2621,13 9 21 N,81 0 21 E
Nainarkuppam,NE,69,76-81,2532-2537,13 7 46 N,80 55 36 E
Ennorekuppam,SE,162,68-73,87-92,12 37 1 N,80 31 23 E
Ennore Mugathuvarakuppan,SE,161,67-72,87-92,12 37 51 N,80 32 18 E
Anumandhaikuppam,SE,135,8-13,20-25,12 3 17 N,79 59 16 E
Royapuram,SE,132,46-51,173-178,12 50 25 N,80 37 47 E
Nallavadu,NE,80,10-15,27-32,11 53 10 N,79 55 42 E
Kallinodu,NE,58,18-23,21-26,10 35 25 N,80 1 5 E
Injampakkam,NE,72,69-74,2469-2474,13 6 47 N,80 53 18 E
Solainagar North,SE,94,9-14,22-27,11 56 37 N,79 56 16 E
Veerampattinam,NE,81,10-15,26-31,11 54 37 N,79 56 7 E
Periya Kalapet,SE,109,8-13,18-23,12 0 0 N,79 57 5 E
Velanganni,NE,30,25-30,17-22,10 53 32 N,79 58 22 E
Kathivakkam Periakuppam,SE,157,62-67,101-106,12 40 2 N,80 33 33 E
Odaikuppam,NE,83,51-56,960-965,13 2 59 N,80 45 24 E
Pattinampakkam,NE,60,42-47,171-176,13 13 53 N,80 38 13 E
Sambaipattinam,NE,84,13-18,3-8,10 14 23 N,79 24 42 E
Padalore Periya Kuppam,NE,39,54-59,66-71,12 50 36 N,80 28 17 E
Thalampettai,NE,30,41-46,695-700,11 25 16 N,80 3 35 E
Kathivakkam Chinnakuppam,NE,55,37-42,296-301,13 24 21 N,80 37 15 E
Palagaithottikuppam,NE,55,38-43,238-243,13 22 25 N,80 36 59 E
Devanampattinam,NE,51,41-46,109-114,11 59 28 N,80 6 18 E
Ennorekuppam,NE,58,41-46,1024-1029,13 26 16 N,80 39 14 E
Samanthapettai,NE,53,63-68,1103-1108,11 54 2 N,80 14 42 E
Nallathanneer Odaikuppam,NE,56,39-44,269-274,13 20 19 N,80 37 10 E
Soolerikattukuppam,NE,30,35-40,43-48,12 59 45 N,80 24 8 E
Lakshmipuram Odaikuppam,NE,60,37-42,266-271,13 18 16 N,80 36 45 E
Senthalaivayal,NE,73,14-19,5-10,10 13 47 N,79 23 36 E
Chinnamanai,SE,100,15-20,1-6,10 14 49 N,79 27 49 E
Muttukaduazhagankuppam,NE,53,119-124,2897-2902,12 54 24 N,80 53 43 E
Vilunthamavadi,NE,37,27-32,25-30,10 48 25 N,80 0 52 E
Orurkuppam,NE,60,41-46,243-248,13 12 0 N,80 37 13 E
P. Pudukuppam,NE,54,90-95,164-169,12 21 52 N,80 30 20 E
Kollukadu,SE,102,15-20,3-8,10 15 32 N,79 30 15 E
Pondicherry,NE,45,88-93,50-55,12 29 54 N,80 25 48 E
Samanthanpettai,NE,59,42-47,157-162,11 0 14 N,80 12 6 E
Pazhayanadukuppam,NE,40,49-54,62-67,12 46 41 N,80 26 7 E
Venpursham,NE,29,39-44,41-46,12 55 23 N,80 22 44 E
Pudhunadukuppam,NE,40,47-52,54-59,12 45 37 N,80 25 4 E
Kathivakkam Periakuppam,NE,56,38-43,357-362,13 24 39 N,80 37 54 E
Sadras,NE,37,56-61,74-79,12 54 59 N,80 29 10 E
Periyamangodu,SE,93,40-45,1913-1918,13 28 28 N,80 40 55 E
Srinivasapuram,NE,61,41-46,216-221,13 12 35 N,80 37 39 E
Moorthipudukuppam,NE,50,45-50,305-310,12 3 59 N,80 8 0 E
Sodhanaikuppam,NE,47,108-113,123-128,12 38 15 N,80 35 58 E
Mandavai Pudukuppam,NE,45,112-117,318-323,12 53 44 N,80 42 14 E
Perumalpettai,NE,64,59-64,1295-1300,11 18 26 N,80 22 3 E
Pudukuppam,NE,41,46-51,1024-1029,11 29 52 N,80 8 48 E
Naickerkuppam,NE,46,48-53,1144-1149,11 30 38 N,80 11 29 E
Solainagar North,NE,48,101-106,94-99,12 34 46 N,80 32 57 E
Pulicat,NE,86,34-39,1327-1332,13 26 40 N,80 39 50 E
Kokilamedu,NE,30,38-43,45-50,12 54 42 N,80 22 40 E
Pudupattinam,NE,38,58-63,76-81,12 56 1 N,80 30 13 E
Kottaimedu,NE,61,144-149,3124-3129,11 58 34 N,81 1 15 E
Narambai,NE,50,51-56,58-63,12 7 47 N,80 10 59 E
Nadukuppam,NE,39,70-75,36-41,12 28 43 N,80 16 10 E
Chinna Veerampattinam,NE,53,96-101,71-76,12 25 8 N,80 32 58 E
Covelong (Kovalam),NE,36,31-36,50-55,13 1 55 N,80 25 53 E
Karikal,NE,60,35-40,161-166,11 4 41 N,80 9 0 E
Palavakkam,NE,55,39-44,204-209,13 10 35 N,80 34 50 E
Chinna mudaliarchavadi,NE,39,74-79,40-45,12 30 58 N,80 17 34 E
Chavadikuppam,NE,49,49-54,1252-1257,11 31 2 N,80 12 50 E
Muthupet,SE,145,8-13,2-7,10 15 35 N,79 34 37 E
Koozhayar,NE,63,143-148,3261-3266,11 53 20 N,81 2 33 E
Angalamman Kuppam,NE,40,51-56,62-67,12 47 52 N,80 27 3 E
Coromandel,E,90,37-42,1606-1611,13 27 12 N,80 40 18 E
Alambaraikuppam,NE,54,120-125,2869-2874,12 55 11 N,80 55 57 E
Pudu Nemeli Kuppam,NE,28,37-42,38-43,12 58 44 N,80 23 11 E
Pudhupettai,NE,29,39-44,587-592,11 24 5 N,80 2 51 E
Perun Thuravu Kuppam,NE,39,50-55,44-49,12 44 49 N,80 23 47 E
Periyakuppam,NE,46,72-77,895-900,12 4 58 N,80 15 29 E
Topputturai,NE,32,29-34,20-25,10 38 49 N,80 1 5 E
Vasavankuppam,NE,52,116-121,2638-2643,12 53 29 N,80 51 32 E
Subbamachatram,NE,71,13-18,1-6,10 11 51 N,79 21 59 E
Periya Neelankarai,NE,53,39-44,167-172,13 9 48 N,80 33 44 E
Anichankuppam,NE,42,79-84,51-56,12 36 23 N,80 23 17 E
Meyyurkuppam,NE,29,44-49,39-44,12 54 2 N,80 22 28 E
Odaikuppam,NE,59,40-45,248-253,13 11 29 N,80 36 45 E
Ayothikuppam,NE,56,43-48,222-227,13 16 40 N,80 38 8 E
Gandhinagar,SE,111,14-19,3-8,10 15 47 N,79 32 7 E
Chinna Neelankarai,NE,54,39-44,188-193,13 10 20 N,80 34 10 E
Kuttiyandiyur,NE,67,51-56,1008-1013,11 14 6 N,80 18 27 E
Killai,NE,59,164-169,2894-2899,12 13 8 N,81 7 37 E
Thengaithittu,NE,53,109-114,497-502,12 30 48 N,80 39 6 E
Periya Kalapet,NE,41,75-80,41-46,12 33 26 N,80 20 34 E
Kottivakkam,NE,56,40-45,229-234,13 10 47 N,80 35 31 E
Kameshwaram,NE,35,27-32,27-32,10 50 8 N,80 0 45 E
Kaverippattinam,NE,35,41-46,840-845,11 27 25 N,80 5 23 E
Bommayanpettai (Vellakoil,NE,65,55-60,1101-1106,11 16 8 N,80 20 25 E
Mandhiripattinam,NE,71,15-20,4-9,10 13 20 N,79 23 9 E
Pillaichavadi,NE,40,75-80,41-46,12 32 51 N,80 19 22 E
Mudasalodai,NE,59,182-187,3010-3015,12 21 20 N,81 14 34 E
Cheyyur,NE,38,52-57,45-50,12 42 38 N,80 21 50 E
Panaiyurkuppam,NE,52,41-46,176-181,13 7 48 N,80 34 18 E
Thoduvai,NE,55,54-59,1462-1467,11 33 39 N,80 16 6 E
Nallavadu,NE,52,51-56,41-46,12 9 46 N,80 12 21 E
Pudhukuppam,NE,42,77-82,47-52,12 35 21 N,80 22 26 E
Injampakkam,NE,54,39-44,159-164,13 8 24 N,80 33 56 E
Kadalore Ali Kuppam,NE,40,52-57,61-66,12 49 10 N,80 27 48 E
Marakkanam,NE,49,114-119,959-964,12 52 51 N,80 46 52 E
Akkaraipettai,NE,70,38-43,108-113,10 52 41 N,80 11 35 E
Kanathur Reddy Kuppam,NE,42,28-33,51-56,13 3 17 N,80 26 11 E
Thazankuppam,NE,58,38-43,467-472,13 25 13 N,80 38 19 E
Adaikkadevan,NE,73,14-19,3-8,10 14 8 N,79 24 7 E
Nainarkuppam,NE,42,28-33,46-51,13 4 41 N,80 26 15 E
C Pudupettai,NE,65,51-56,1341-1346,11 43 3 N,80 12 51 E
Sethubavachattram,SE,91,15-20,3-8,10 14 37 N,79 26 34 E
Pattinacherry,NE,57,37-42,320-325,11 7 25 N,80 9 26 E
Sothikuppam,NE,44,84-89,129-134,12 15 0 N,80 20 12 E
Karanguda,NE,88,14-19,2-7,10 14 32 N,79 25 19 E
Parangipettai,NE,59,191-196,3180-3185,12 24 28 N,81 18 58 E
Vettaikaranrippu,NE,38,27-32,18-23,10 46 44 N,80 1 15 E
Mudasalodai Village,NE,66,140-145,3366-3371,11 48 1 N,81 2 47 E
Sonaankuppam,NE,51,39-44,97-102,11 57 24 N,80 5 3 E
Tharangampadi,NE,67,47-52,910-915,11 12 26 N,80 16 10 E
Vaithikuppam,NE,46,93-98,69-74,12 32 54 N,80 28 55 E
Vedaranniyam,NE,21,27-32,13-18,10 37 33 N,79 58 2 E
Chithiraipettai,NE,45,76-81,553-558,12 8 23 N,80 16 55 E
Vallavanpattinam,NE,73,13-18,1-6,10 11 17 N,79 21 41 E
Thiruchinnankuppam,NE,57,39-44,245-250,13 21 1 N,80 37 16 E
Ennore Mugathuvarakuppan,NE,57,39-44,713-718,13 25 50 N,80 38 40 E
Chettinagar,NE,45,83-88,84-89,12 38 55 N,80 27 57 E
Uyyalikuppam,NE,37,54-59,73-78,12 53 36 N,80 28 35 E
Somanathanpattinam,NE,70,13-18,0-5,10 12 21 N,79 22 22 E
Kadalore Chinna Kuppam,NE,37,56-61,69-74,12 52 6 N,80 28 23 E
Chennai,NE,61,37-42,259-264,13 17 41 N,80 37 9 E
Devaneri,NE,28,36-41,31-36,12 57 29 N,80 22 36 E
Karaiyurtheru,SE,111,15-20,3-8,10 15 48 N,79 32 45 E
Mahabalipuram,NE,28,38-43,32-37,12 56 47 N,80 22 35 E
Egattur Karikattukuppam,NE,39,29-34,51-56,13 2 36 N,80 26 4 E
Portonovo,NE,59,201-206,3393-3398,12 26 39 N,81 23 53 E
Veerampattinam,NE,53,102-107,216-221,12 28 9 N,80 35 52 E
Eripurakkarai,SE,111,14-19,3-8,10 15 44 N,79 31 29 E
Thazhanguda,NE,50,43-48,129-134,12 1 45 N,80 7 4 E
Tranquebar,NE,29,37-42,489-494,11 22 49 N,80 2 13 E
Panaiyur Periya Kuppam,NE,56,124-129,3038-3043,12 55 51 N,81 0 37 E
Kaippanikuppam,NE,51,114-119,1689-1694,12 52 55 N,80 49 14 E
Kasikoilkuppam,NE,53,38-43,258-263,13 23 7 N,80 36 49 E
Chinnorpettai,NE,62,39-44,580-585,11 9 32 N,80 11 19 E
Thiruvanmiyur,NE,58,40-45,244-249,13 11 2 N,80 36 11 E
Veerampatinam,NE,56,58-63,1366-1371,11 50 31 N,80 13 27 E
Pudhukalpakkam,NE,32,34-39,49-54,13 0 45 N,80 25 7 E
Ondikuppam,NE,58,38-43,256-261,13 19 39 N,80 36 56 E
Kodiyakarai,SW,264,24-29,3-8,10 15 12 N,79 35 50 E
Maravakadu,SE,129,12-17,3-8,10 15 47 N,79 33 23 E
Ganapathichettikulam,NE,42,76-81,44-49,12 34 19 N,80 21 34 E
Nemmelikuppam,NE,31,34-39,46-51,13 0 15 N,80 24 38 E
Chandrappadi,NE,63,43-48,768-773,11 11 6 N,80 13 40 E
Kasiviswanathar koil Kuppam,NE,57,38-43,264-269,13 21 43 N,80 37 10 E
Rajappettai,NE,46,79-84,550-555,12 11 25 N,80 19 7 E
Komuttichavadikuppam,NE,46,83-88,81-86,12 40 28 N,80 30 9 E
Mallipattinam,SE,100,15-20,2-7,10 14 59 N,79 28 26 E
Samiyarpettai,NE,51,68-73,1061-1066,11 57 32 N,80 16 3 E
Nagapattinam Harbour,NE,67,41-46,180-185,10 55 2 N,80 13 7 E
Chemacherry,NE,34,31-36,51-56,13 1 18 N,80 25 33 E
Madathukuppam,NE,44,47-52,1089-1094,11 30 20 N,80 10 7 E
Keezhamoovarkarai,NE,50,52-57,1350-1355,11 31 44 N,80 14 3 E
Kadappakam,NE,55,123-128,2894-2899,12 55 41 N,80 58 16 E
Madavamedu,NE,58,150-155,3023-3028,12 3 49 N,81 2 12 E
Poombuhar,NE,37,45-50,993-998,11 29 10 N,80 7 35 E
Annanagar Pudhutheru,NE,71,14-19,1-6,10 12 51 N,79 22 45 E
Vellapallam,NE,40,28-33,37-42,10 43 25 N,80 2 12 E
Ekkiyarkuppam,NE,47,111-116,576-581,12 53 7 N,80 44 31 E
Kanathur,NE,42,28-33,50-55,13 3 59 N,80 26 15 E
Panaiyur Chinnakuppam,NE,58,124-129,3221-3226,12 54 12 N,81 2 13 E
Pillayarthidal,SE,95,15-20,2-7,10 14 41 N,79 27 12 E
Mudaliyar Kuppam,NE,40,51-56,49-54,12 41 10 N,80 21 32 E
Keelathottam,SE,103,14-19,3-8,10 15 39 N,79 30 52 E
Umarikuppam,NE,38,60-65,96-101,12 58 30 N,80 31 47 E
Bommaiyarpalyam,NE,39,74-79,40-45,12 32 7 N,80 18 16 E
Koonimedu Kuppam,NE,44,82-87,70-75,12 38 17 N,80 26 47 E
Pushpavanam,NE,39,27-32,11-16,10 39 58 N,80 2 13 E
Sathurangapattinam,NE,39,58-63,85-90,12 57 6 N,80 31 13 E
Anumandhaikuppam,NE,45,82-87,83-88,12 39 39 N,80 29 5 E
Puthupattinam,SE,103,15-20,2-7,10 15 10 N,79 29 2 E
Paramankeni,NE,38,51-56,50-55,12 43 57 N,80 22 33 E
Ganesapuram,NE,74,13-18,1-6,10 10 41 N,79 21 32 E
Chinnandikuppam,NE,54,38-43,163-168,13 9 5 N,80 33 44 E
Velanganni,NE,61,36-41,62-67,10 50 57 N,80 9 22 E
Tirumullaivasal,NE,53,53-58,1358-1363,11 32 37 N,80 15 9 E
Thambikottai,SE,138,9-14,2-7,10 15 42 N,79 34 0 E
Nagore,NE,56,39-44,115-120,11 2 3 N,80 9 56 E
Nochikuppam,NE,43,81-86,55-60,12 37 47 N,80 25 32 E
Annamalaichery,SE,92,39-44,1864-1869,13 27 48 N,80 40 41 E
Kumarapettai,NE,49,70-75,1203-1208,12 1 15 N,80 15 52 E
Panithittu,NE,50,47-52,368-373,12 5 59 N,80 9 22 E
Salavankuppam,NE,28,37-42,34-39,12 58 8 N,80 22 49 E
Seruthur,NE,62,31-36,60-65,10 48 45 N,80 7 36 E
Cathedral (Chennai),NE,59,43-48,187-192,13 15 17 N,80 38 25 E
Mamallapuram,NE,29,37-42,33-38,12 56 5 N,80 22 40 E
Mullimanagar,NE,61,42-47,202-207,13 13 12 N,80 37 59 E
Royapuram,NE,59,38-43,273-278,13 18 58 N,80 36 44 E
M.G.R. Thittu,NE,59,172-177,3116-3121,12 17 29 N,81 10 48 E
Vanavanmadevi,NE,38,27-32,20-25,10 45 6 N,80 1 48 E
Nambiyar Nagar,NE,64,43-48,176-181,10 57 50 N,80 13 26 E
Ernavoorkuppam,NE,55,36-41,254-259,13 23 49 N,80 36 49 E
Pazhayar,NE,57,157-162,2889-2894,12 8 35 N,81 4 42 E
Mudaliarkuppam,NE,42,80-85,55-60,12 37 15 N,80 24 18 E
Cuddalore Harbour,NE,52,37-42,57-62,11 55 24 N,80 3 41 E
Arkkattuthurai,NE,25,28-33,18-23,10 38 33 N,79 59 22 E
Point Calimer,SW,266,24-29,3-8,10 15 25 N,79 35 14 E
Thandhirayankuppam,NE,39,72-77,38-43,12 29 45 N,80 16 59 E
Kazhumanguda,E,90,15-20,2-7,10 14 35 N,79 25 57 E
Mattankuppam,NE,56,42-47,238-243,13 17 12 N,80 37 40 E
Vanagiri,NE,36,44-49,919-924,11 28 22 N,80 6 26 E
Chinnangudi,NE,32,42-47,753-758,11 26 23 N,80 4 26 E
Arambakkam,SE,100,43-48,2010-2015,13 29 11 N,80 40 59 E
Velivayal,SE,102,15-20,2-7,10 15 21 N,79 29 38 E
Kallinodu,NE,41,27-32,28-33,10 41 41 N,80 2 19 E
Pattipulam,NE,29,35-40,40-45,12 59 16 N,80 23 39 E
Periya Kalapet,NE,82,47-52,1352-1357,12 5 27 N,80 18 58 E
Kanathur,NE,70,99-104,2875-2880,13 10 12 N,81 7 50 E
Royapuram,NE,50,32-37,165-170,13 19 39 N,80 32 30 E
Sadras,NE,58,75-80,932-937,12 51 28 N,80 46 18 E
Soolerikattukuppam,NE,47,69-74,662-667,13 8 42 N,80 42 40 E
Perun Thuravu Kuppam,NE,67,57-62,93-98,12 35 17 N,80 35 45 E
Kasikoilkuppam,NE,35,34-39,89-94,13 26 10 N,80 30 18 E
Ganesapuram,NE,87,29-34,6-11,10 9 25 N,79 30 46 E
Pudukuppam,NE,75,17-22,80-85,11 12 45 N,80 1 30 E
Lakshmipuram Odaikuppam,NE,53,32-37,167-172,13 18 32 N,80 32 49 E
Thengaithittu,SE,106,63-68,2148-2153,11 44 33 N,80 24 22 E
Madavamedu,NE,64,29-34,876-881,11 27 25 N,80 5 40 E
Muttukaduazhagankuppam,NE,63,19-24,28-33,12 19 36 N,80 10 37 E
Samanthanpettai,SE,121,26-31,19-24,10 40 5 N,80 4 15 E
Devanampattinam,SE,119,20-25,201-206,11 38 45 N,79 57 58 E
Kottaimedu,NE,67,28-33,853-858,11 25 47 N,80 5 38 E
Somanathanpattinam,NE,86,25-30,6-11,10 10 32 N,79 29 26 E
Perumalpettai,SE,109,43-48,276-281,10 55 32 N,80 14 47 E
Gandhinagar,SE,122,20-25,4-9,10 12 44 N,79 33 59 E
Thoduvai,NE,72,28-33,787-792,11 21 2 N,80 6 14 E
Chinnangudi,NE,70,46-51,924-929,11 15 11 N,80 16 43 E
Chavadikuppam,NE,64,17-22,81-86,11 17 1 N,80 0 29 E
Pattinampakkam,NE,60,30-35,119-124,13 10 36 N,80 32 15 E
Thandhirayankuppam,SE,92,37-42,871-876,11 57 27 N,80 12 30 E
Kuttiyandiyur,SE,114,55-60,385-390,10 49 51 N,80 20 20 E
Rajappettai,SE,118,27-32,362-367,11 33 28 N,80 0 39 E
Keezhamoovarkarai,NE,59,18-23,117-122,11 18 28 N,80 0 33 E
Kottivakkam,NE,79,118-123,3424-3429,13 10 12 N,81 21 22 E
Chinnamanai,SE,114,29-34,5-10,10 9 32 N,79 34 36 E
Periyakuppam,SE,113,25-30,179-184,11 30 47 N,79 59 21 E
C Pudupettai,SE,123,14-19,40-45,11 26 5 N,79 53 38 E
Pudhukuppam,NE,78,53-58,1597-1602,12 9 20 N,80 22 26 E
Ganapathichettikulam,NE,79,49-54,1531-1536,12 7 33 N,80 20 30 E
Ennore Mugathuvarakuppan,NE,80,64-69,2679-2684,13 19 35 N,80 55 43 E
Uyyalikuppam,NE,58,73-78,683-688,12 50 50 N,80 45 10 E
Sothikuppam,SE,114,26-31,401-406,11 34 59 N,80 0 30 E
Veerampattinam,SE,105,59-64,2047-2052,11 45 14 N,80 22 39 E
Kodiyakarai,SW,261,22-27,2-7,10 14 39 N,79 37 20 E
Seruthur,SE,119,31-36,31-36,10 31 21 N,80 7 13 E
Nagapattinam Harbour,SE,126,28-33,32-37,10 36 20 N,80 4 40 E
Devaneri,NE,53,75-80,1747-1752,13 4 21 N,80 47 12 E
Nambiyar Nagar,SE,124,26-31,28-33,10 38 11 N,80 4 11 E
Koonimedu Kuppam,SE,93,14-19,26-31,12 4 50 N,80 2 56 E
Nochikuppam,NE,71,61-66,347-352,12 15 42 N,80 26 55 E
Ernavoorkuppam,NE,35,32-37,88-93,13 27 19 N,80 30 26 E
Pillaichavadi,NE,82,45-50,1296-1301,12 3 45 N,80 17 1 E
Point Calimer,SW,261,21-26,3-8,10 14 27 N,79 36 42 E
Eripurakkarai,SE,122,20-25,4-9,10 12 37 N,79 33 21 E
Veerampatinam,SE,115,15-20,46-51,11 28 15 N,79 54 14 E
Periyamangodu,SE,96,96-101,3128-3133,13 23 58 N,81 11 30 E
Killai,SE,131,13-18,32-37,11 20 54 N,79 54 33 E
Mullimanagar,NE,62,29-34,104-109,13 9 30 N,80 31 57 E
Mandhiripattinam,NE,85,24-29,6-11,10 11 30 N,79 28 46 E
Muthupet,SE,142,12-17,4-9,10 14 7 N,79 36 9 E
Pattipulam,NE,48,69-74,682-687,13 7 9 N,80 43 19 E
Kanathur Reddy Kuppam,NE,69,96-101,2774-2779,13 9 41 N,81 5 59 E
Vanavanmadevi,SE,117,23-28,14-19,10 26 21 N,80 3 52 E
Karaiyurtheru,SE,120,20-25,3-8,10 12 56 N,79 34 36 E
Alambaraikuppam,NE,67,20-25,34-39,12 20 47 N,80 12 7 E
Sathurangapattinam,NE,61,77-82,1525-1530,12 52 29 N,80 48 40 E
Poombuhar,NE,75,17-22,70-75,11 11 17 N,80 1 30 E
Pudhupettai,NE,72,52-57,1131-1136,11 13 26 N,80 20 6 E
Kokilamedu,NE,65,79-84,2702-2707,12 54 10 N,80 52 10 E
Arkkattuthurai,SE,118,17-22,10-15,10 18 26 N,80 1 26 E
Thazankuppam,NE,80,59-64,2791-2796,13 19 6 N,80 52 25 E
Senthalaivayal,NE,86,23-28,6-11,10 12 2 N,79 28 32 E
Chithiraipettai,SE,114,26-31,290-295,11 32 0 N,80 0 15 E
Kadalore Ali Kuppam,NE,54,71-76,221-226,12 49 57 N,80 41 20 E
Vellapallam,SE,117,23-28,14-19,10 24 41 N,80 3 41 E
Koozhayar,NE,66,28-33,789-794,11 24 9 N,80 5 20 E
Thiruchinnankuppam,NE,42,32-37,144-149,13 22 47 N,80 31 0 E
Naickerkuppam,NE,66,17-22,92-97,11 15 35 N,80 0 48 E
Vedaranniyam,SE,125,16-21,8-13,10 17 20 N,80 0 12 E
Mallipattinam,SE,115,27-32,5-10,10 9 50 N,79 34 1 E
Mudaliyar Kuppam,NE,67,52-57,65-70,12 30 19 N,80 30 12 E
Kathivakkam Chinnakuppam,NE,68,54-59,3063-3068,13 23 51 N,80 48 33 E
Meyyurkuppam,NE,61,82-87,2332-2337,12 53 38 N,80 50 59 E
Pudhukalpakkam,NE,44,69-74,688-693,13 11 57 N,80 42 3 E
Kallinodu,SE,120,22-27,13-18,10 23 2 N,80 3 22 E
Samanthapettai,SE,115,14-19,40-45,11 29 13 N,79 53 43 E
Mattankuppam,NE,50,34-39,161-166,13 16 13 N,80 32 48 E
Marakkanam,NE,67,17-22,28-33,12 14 58 N,80 7 21 E
Umarikuppam,NE,61,79-84,1935-1940,12 52 53 N,80 49 55 E
Nagore,SE,119,27-32,35-40,10 41 49 N,80 4 59 E
Portonovo,SE,127,14-19,37-42,11 24 59 N,79 53 27 E
Samiyarpettai,SE,112,22-27,202-207,11 28 8 N,79 58 8 E
Padalore Periya Kuppam,NE,55,72-77,308-313,12 50 8 N,80 42 38 E
Mudaliarkuppam,NE,72,58-63,753-758,12 13 52 N,80 25 2 E
Kameshwaram,SE,115,23-28,13-18,10 31 20 N,80 3 41 E
Ennorekuppam,NE,78,70-75,2605-2610,13 21 43 N,80 58 17 E
Mudasalodai,SE,131,16-21,33-38,11 22 59 N,79 54 21 E
Mamallapuram,NE,55,80-85,2149-2154,13 2 38 N,80 49 59 E
Mudasalodai Village,NE,69,27-32,800-805,11 22 32 N,80 5 31 E
Mahabalipuram,NE,54,79-84,2074-2079,13 3 43 N,80 48 45 E
Palavakkam,NE,80,115-120,3371-3376,13 8 57 N,81 19 56 E
Pudupattinam,NE,59,77-82,1095-1100,12 52 11 N,80 47 24 E
Annanagar Pudhutheru,NE,86,25-30,6-11,10 11 0 N,79 29 4 E
Vaithikuppam,SE,109,70-75,2314-2319,11 43 55 N,80 27 59 E
Annamalaichery,SE,96,89-94,3148-3153,13 23 39 N,81 8 9 E
Chandrappadi,SE,128,31-36,53-58,10 48 51 N,80 5 52 E
Nallavadu,SE,105,52-57,1737-1742,11 44 34 N,80 18 3 E
Tirumullaivasal,NE,73,28-33,699-704,11 19 24 N,80 6 26 E
Orurkuppam,NE,63,27-32,88-93,13 7 30 N,80 30 59 E
Subbamachatram,NE,86,26-31,5-10,10 10 7 N,79 29 51 E
Cathedral (Chennai),NE,55,31-36,98-103,13 12 53 N,80 31 53 E
Cuddalore Harbour,SE,115,24-29,404-409,11 36 22 N,79 59 52 E
Kollukadu,SE,117,22-27,5-10,10 11 28 N,79 33 2 E
Periya Neelankarai,NE,79,109-114,3145-3150,13 7 56 N,81 16 11 E
Panaiyurkuppam,NE,74,103-108,2939-2944,13 9 19 N,81 11 30 E
Kasiviswanathar koil Kuppam,NE,40,31-36,122-127,13 23 53 N,80 30 37 E
Maravakadu,SE,134,17-22,3-8,10 13 15 N,79 35 10 E
Ayothikuppam,NE,51,33-38,155-160,13 15 6 N,80 32 33 E
Chemacherry,NE,45,67-72,1022-1027,13 13 24 N,80 42 49 E
Paramankeni,NE,66,56-61,93-98,12 33 56 N,80 33 38 E
Thalampettai,NE,70,50-55,1035-1040,11 14 29 N,80 18 30 E
Kaverippattinam,NE,71,43-48,859-864,11 15 39 N,80 14 52 E
Chennai,NE,55,31-36,173-178,13 17 23 N,80 32 53 E
Topputturai,SE,115,18-23,11-16,10 19 54 N,80 2 14 E
Anichankuppam,NE,75,55-60,1270-1275,12 11 42 N,80 23 33 E
Palagaithottikuppam,NE,37,32-37,90-95,13 25 0 N,80 30 21 E
Velanganni,SE,118,29-34,35-40,10 32 52 N,80 6 4 E
Tranquebar,SE,110,36-41,100-105,10 56 44 N,80 10 56 E
Pudu Nemeli Kuppam,NE,49,72-77,829-834,13 5 45 N,80 44 12 E
Sonaankuppam,SE,116,22-27,309-314,11 37 30 N,79 58 50 E
Sambaipattinam,SE,92,20-25,4-9,10 13 10 N,79 28 15 E
Nadukuppam,SE,97,35-40,816-821,11 55 16 N,80 11 2 E
Pillayarthidal,SE,92,19-24,2-7,10 15 15 N,79 29 2 E
Chinnorpettai,SE,128,33-38,62-67,10 47 9 N,80 6 38 E
Kazhumanguda,SE,91,19-24,2-7,10 14 20 N,79 28 20 E
Pazhayanadukuppam,NE,54,69-74,176-181,12 48 15 N,80 39 37 E
Pazhayar,SE,109,6-11,35-40,11 19 49 N,79 54 11 E
Vanagiri,NE,71,39-44,807-812,11 15 2 N,80 13 7 E
Karikal,SE,128,32-37,41-46,10 43 24 N,80 6 1 E
M.G.R. Thittu,SE,131,15-20,27-32,11 21 59 N,79 54 50 E
Parangipettai,SE,131,15-20,39-44,11 23 53 N,79 53 40 E
Akkaraipettai,SE,126,31-36,36-41,10 34 41 N,80 5 36 E
Nallathanneer Odaikuppam,NE,44,33-38,135-140,13 21 43 N,80 31 26 E
Vasavankuppam,NE,66,18-23,27-32,12 18 1 N,80 9 35 E
Pushpavanam,SE,119,21-26,12-17,10 21 26 N,80 2 54 E
Egattur Karikattukuppam,NE,68,94-99,2734-2739,13 8 24 N,81 4 33 E
Tharangampadi,SE,133,30-35,46-51,10 49 54 N,80 4 18 E
Cheyyur,NE,66,54-59,82-87,12 32 17 N,80 31 46 E
P. Pudukuppam,SE,103,55-60,1836-1841,11 45 21 N,80 19 37 E
Chinna mudaliarchavadi,NE,87,39-44,927-932,11 59 48 N,80 13 41 E
Injampakkam,NE,75,106-111,2970-2975,13 10 0 N,81 13 18 E
Kadappakam,NE,67,43-48,53-58,12 25 59 N,80 24 4 E
Thazhanguda,SE,121,19-24,110-115,11 40 14 N,79 57 35 E
Anumandhaikuppam,NE,82,14-19,24-29,12 8 25 N,80 3 57 E
Ekkiyarkuppam,NE,74,14-19,29-34,12 13 20 N,80 6 21 E
Covelong (Kovalam),NE,46,69-74,1717-1722,13 14 26 N,80 44 8 E
Madathukuppam,NE,72,17-22,83-88,11 14 11 N,80 1 14 E
Bommaiyarpalyam,NE,84,41-46,1213-1218,12 2 3 N,80 15 2 E
Karanguda,SE,92,20-25,3-8,10 13 45 N,79 28 14 E
Narambai,SE,102,51-56,1679-1684,11 43 7 N,80 17 7 E
Pattinacherry,SE,126,32-37,54-59,10 45 15 N,80 6 27 E
Panaiyur Periya Kuppam,NE,69,45-50,52-57,12 27 16 N,80 26 14 E
Solainagar North,SE,107,71-76,2358-2363,11 45 20 N,80 29 7 E
Komuttichavadikuppam,NE,80,16-21,16-21,12 9 41 N,80 5 21 E
Pudhunadukuppam,NE,67,56-61,140-145,12 37 21 N,80 37 9 E
Chinna Neelankarai,NE,79,112-117,3288-3293,13 8 23 N,81 18 4 E
Arambakkam,SE,99,105-110,3144-3149,13 24 8 N,81 14 52 E
Chettinagar,NE,85,14-19,20-25,12 6 43 N,80 3 5 E
Chinnandikuppam,NE,78,106-111,3009-3014,13 8 29 N,81 14 26 E
Adaikkadevan,NE,86,21-26,5-10,10 12 36 N,79 28 22 E
Coromandel,SE,95,82-87,2951-2956,13 23 11 N,81 4 50 E
Keelathottam,SE,117,20-25,5-10,10 12 7 N,79 32 58 E
Nemmelikuppam,NE,45,69-74,596-601,13 10 17 N,80 42 10 E
Thiruvanmiyur,NE,67,27-32,99-104,13 5 12 N,80 31 14 E
Odaikuppam,NE,65,27-32,97-102,13 6 21 N,80 31 11 E
Nainarkuppam,NE,72,101-106,2932-2937,13 9 35 N,81 9 37 E
Velivayal,SE,117,24-29,5-10,10 10 51 N,79 33 13 E
Srinivasapuram,NE,62,27-32,95-100,13 8 37 N,80 31 11 E
Venpursham,NE,56,82-87,2219-2224,13 1 6 N,80 50 39 E
Vallavanpattinam,NE,87,27-32,5-10,10 9 43 N,79 30 16 E
Panithittu,SE,103,49-54,1570-1575,11 42 17 N,80 15 38 E
Bommayanpettai (Vellakoil,SE,113,49-54,378-383,10 52 25 N,80 17 15 E
Sethubavachattram,E,90,19-24,2-7,10 14 51 N,79 28 37 E
Vilunthamavadi,SE,116,23-28,17-22,10 29 41 N,80 3 57 E
Kumarapettai,SE,113,23-28,154-159,11 29 36 N,79 58 27 E
Ondikuppam,NE,47,32-37,142-147,13 20 41 N,80 31 59 E
Mandavai Pudukuppam,NE,78,14-19,30-35,12 11 33 N,80 5 44 E
Kaippanikuppam,NE,70,16-21,31-36,12 16 22 N,80 8 39 E
Chinna Veerampattinam,SE,102,57-62,1933-1938,11 46 12 N,80 21 9 E
Puthupattinam,SE,117,25-30,6-11,10 10 17 N,79 33 33 E
Sodhanaikuppam,SE,105,71-76,2353-2358,11 47 5 N,80 29 31 E
Pondicherry,SE,107,66-71,2255-2260,11 43 59 N,80 26 9 E
Moorthipudukuppam,SE,103,46-51,1462-1467,11 41 26 N,80 14 1 E
Kathivakkam Periakuppam,NE,74,54-59,2910-2915,13 20 47 N,80 49 35 E
Pulicat,SE,94,73-78,2716-2721,13 22 35 N,81 1 31 E
Thambikottai,SE,139,14-19,3-8,10 13 40 N,79 35 40 E
Kadalore Chinna Kuppam,NE,56,74-79,437-442,12 50 26 N,80 43 55 E
Panaiyur Chinnakuppam,NE,68,48-53,54-59,12 28 40 N,80 28 19 E
Angalamman Kuppam,NE,53,70-75,192-197,12 49 23 N,80 40 9 E
Vettaikaranrippu,SE,117,23-28,22-27,10 28 1 N,80 3 59 E
Salavankuppam,NE,51,73-78,1286-1291,13 4 54 N,80 45 37 E
Nadukuppam,SE,142,28-33,259-264,11 44 39 N,80 0 52 E
Muthupet,SE,105,43-48,2-7,10 13 44 N,79 55 30 E
Egattur Karikattukuppam,NE,82,60-65,1751-1756,12 54 4 N,80 49 2 E
Senthalaivayal,NE,79,24-29,3-8,10 13 46 N,79 28 59 E
Vedaranniyam,SE,100,13-18,8-13,10 21 23 N,80 0 19 E
Palavakkam,NE,76,76-81,2586-2591,13 7 50 N,80 57 55 E
Kanathur Reddy Kuppam,NE,73,32-37,116-121,12 56 38 N,80 33 2 E
Kadappakam,NE,84,18-23,39-44,12 17 30 N,80 12 16 E
Mahabalipuram,NE,79,33-38,82-87,12 41 14 N,80 31 16 E
Keelathottam,SE,102,50-55,5-10,10 11 28 N,79 50 18 E
Chemacherry,NE,80,43-48,214-219,12 50 47 N,80 39 43 E
Topputturai,NE,86,16-21,14-19,10 25 8 N,80 1 43 E
P. Pudukuppam,SE,106,39-44,1175-1180,11 46 2 N,80 10 48 E
Kadalore Chinna Kuppam,NE,75,76-81,3210-3215,12 37 30 N,80 50 31 E
Kaverippattinam,NE,76,20-25,100-105,11 10 40 N,80 3 19 E
Puthupattinam,SE,100,36-41,1-6,10 13 44 N,79 40 37 E
Thazankuppam,NE,12,30-35,14-19,13 30 54 N,80 22 52 E
Mudasalodai,SE,130,24-29,51-56,11 20 29 N,79 57 46 E
Perumalpettai,NE,80,24-29,86-91,11 6 1 N,80 5 27 E
Sodhanaikuppam,SE,96,37-42,904-909,11 55 18 N,80 12 7 E
Ennore Mugathuvarakuppan,NE,14,29-34,17-22,13 30 38 N,80 23 40 E
Covelong (Kovalam),NE,81,52-57,464-469,12 52 6 N,80 44 26 E
Muttukaduazhagankuppam,NE,79,16-21,30-35,12 16 13 N,80 10 0 E
Annanagar Pudhutheru,NE,81,25-30,5-10,10 12 22 N,79 29 23 E
Kumarapettai,SE,123,31-36,435-440,11 25 6 N,80 0 50 E
Sothikuppam,SE,130,39-44,721-726,11 26 55 N,80 3 56 E
Chandrappadi,SE,102,18-23,36-41,10 57 37 N,80 1 51 E
Vilunthamavadi,NE,84,20-25,32-37,10 36 58 N,80 3 30 E
Portonovo,SE,122,21-26,84-89,11 23 25 N,79 57 25 E
Arkkattuthurai,SE,91,14-19,12-17,10 23 14 N,80 1 6 E
Moorthipudukuppam,SE,133,46-51,993-998,11 29 25 N,80 7 35 E
Vettaikaranrippu,NE,87,20-25,24-29,10 34 59 N,80 3 16 E
Velanganni,SE,136,19-24,12-17,10 32 39 N,79 59 3 E
Kathivakkam Periakuppam,NE,8,31-36,14-19,13 30 49 N,80 22 1 E
Pudhukalpakkam,NE,82,39-44,123-128,12 46 41 N,80 36 51 E
Nagore,NE,57,49-54,526-531,11 4 31 N,80 14 42 E
Pudhunadukuppam,NE,56,26-31,42-47,12 33 34 N,80 20 27 E
Annamalaichery,NE,75,14-19,29-34,13 30 48 N,80 26 50 E
Periya Neelankarai,NE,48,28-33,62-67,13 7 26 N,80 28 2 E
Angalamman Kuppam,NE,64,42-47,81-86,12 36 10 N,80 30 14 E
Madavamedu,NE,54,51-56,1370-1375,11 36 55 N,80 14 17 E
Sethubavachattram,SE,97,34-39,4-9,10 12 36 N,79 36 43 E
Sathurangapattinam,NE,87,88-93,2636-2641,12 33 55 N,80 59 45 E
Chinna Veerampattinam,SE,105,38-43,1195-1200,11 47 26 N,80 10 45 E
Chinnamanai,SE,97,34-39,2-7,10 14 7 N,79 38 27 E
Pattinampakkam,NE,66,68-73,2737-2742,13 17 9 N,80 52 15 E
Pazhayar,NE,55,54-59,1493-1498,11 38 49 N,80 15 20 E
Karikal,NE,68,52-57,791-796,11 5 38 N,80 19 1 E
Panithittu,SE,106,43-48,1338-1343,11 42 7 N,80 12 13 E
Vasavankuppam,NE,80,16-21,34-39,12 15 11 N,80 9 14 E
Narambai,SE,104,41-46,1266-1271,11 43 18 N,80 11 27 E
Samanthapettai,SE,119,15-20,42-47,11 28 30 N,79 53 39 E
Kokilamedu,SE,96,97-102,2729-2734,12 30 9 N,81 6 15 E
Karanguda,SE,101,35-40,5-10,10 10 21 N,79 36 10 E
Kaippanikuppam,NE,84,16-21,23-28,12 13 54 N,80 8 56 E
Pattipulam,NE,53,18-23,51-56,12 47 44 N,80 22 7 E
Bommaiyarpalyam,SE,107,15-20,28-33,11 57 0 N,79 59 57 E
Injampakkam,NE,69,68-73,2599-2604,13 9 3 N,80 51 57 E
Point Calimer,SE,106,10-15,5-10,10 14 33 N,79 56 2 E
Chinnorpettai,SE,118,18-23,30-35,10 54 3 N,80 0 59 E
Cheyyur,SE,111,97-102,2914-2919,12 0 11 N,80 54 42 E
Venpursham,NE,65,27-32,66-71,12 42 32 N,80 26 15 E
Periyamangodu,NE,80,16-21,38-43,13 31 30 N,80 27 19 E
Pillaichavadi,SE,104,14-19,29-34,11 58 18 N,80 0 3 E
Ekkiyarkuppam,NE,85,16-21,27-32,12 11 46 N,80 7 26 E
Tharangampadi,SE,99,14-19,36-41,11 0 29 N,80 0 1 E
Naickerkuppam,NE,69,21-26,240-245,11 15 53 N,80 3 6 E
Kazhumanguda,SE,99,34-39,5-10,10 11 31 N,79 36 16 E
Komuttichavadikuppam,NE,81,17-22,13-18,12 9 38 N,80 5 57 E
Vallavanpattinam,NE,84,28-33,5-10,10 10 41 N,79 30 45 E
Mandhiripattinam,NE,79,25-30,4-9,10 13 3 N,79 29 8 E
Devanampattinam,SE,131,42-47,890-895,11 28 55 N,80 5 45 E
Soolerikattukuppam,NE,47,21-26,48-53,12 50 40 N,80 23 0 E
Mudaliyar Kuppam,SE,105,69-74,3089-3094,12 8 39 N,80 40 18 E
Ayothikuppam,NE,75,91-96,2894-2899,13 16 0 N,81 6 48 E
Anichankuppam,SE,92,14-19,21-26,12 3 16 N,80 1 40 E
Ganapathichettikulam,SE,101,13-18,33-38,12 0 51 N,80 0 39 E
Kanathur,NE,73,25-30,73-78,12 56 10 N,80 29 8 E
Mamallapuram,NE,70,31-36,74-79,12 43 10 N,80 28 59 E
Veerampattinam,SE,103,37-42,1269-1274,11 48 50 N,80 10 53 E
C Pudupettai,SE,124,20-25,60-65,11 24 16 N,79 56 3 E
Samiyarpettai,SE,122,29-34,353-358,11 24 24 N,80 0 11 E
Sambaipattinam,NE,83,22-27,2-7,10 15 6 N,79 29 30 E
Mattankuppam,NE,73,101-106,3056-3061,13 19 44 N,81 12 9 E
Subbamachatram,NE,83,27-32,5-10,10 11 9 N,79 30 12 E
Kottivakkam,NE,73,75-80,2600-2605,13 10 4 N,80 56 56 E
Maravakadu,SE,107,48-53,2-7,10 12 30 N,79 54 0 E
Cuddalore Harbour,SE,130,39-44,770-775,11 27 48 N,80 4 16 E
Pillayarthidal,SE,96,34-39,3-8,10 13 29 N,79 37 28 E
Sadras,NE,82,81-86,3147-3152,12 35 20 N,80 55 3 E
Lakshmipuram Odaikuppam,NE,49,59-64,2755-2760,13 29 23 N,80 43 22 E
Tranquebar,NE,77,23-28,92-97,11 6 56 N,80 5 7 E
Pondicherry,SE,99,38-43,1303-1308,11 51 33 N,80 11 37 E
Nainarkuppam,NE,66,18-23,56-61,12 56 51 N,80 25 12 E
Solainagar North,SE,98,37-42,1053-1058,11 53 55 N,80 12 1 E
Odaikuppam,NE,69,76-81,2638-2643,13 15 13 N,80 57 0 E
Kasikoilkuppam,NE,33,37-42,119-124,13 28 1 N,80 30 31 E
Panaiyur Chinnakuppam,SE,116,65-70,2762-2767,12 2 34 N,80 35 52 E
Nemmelikuppam,NE,79,32-37,84-89,12 46 27 N,80 32 26 E
Vellapallam,NE,88,18-23,14-19,10 31 5 N,80 2 20 E
Mandavai Pudukuppam,NE,84,16-21,19-24,12 10 45 N,80 6 37 E
Panaiyur Periya Kuppam,SE,91,19-24,43-48,12 17 48 N,80 13 32 E
Nagapattinam Harbour,NE,55,33-38,60-65,10 56 59 N,80 6 56 E
Mudaliarkuppam,NE,86,15-20,23-28,12 4 24 N,80 2 18 E
Umarikuppam,NE,89,92-97,2478-2483,12 32 50 N,81 1 59 E
Paramankeni,SE,101,111-116,2891-2896,12 8 57 N,81 5 30 E
Royapuram,NE,28,28-33,32-37,13 22 16 N,80 25 44 E
Ernavoorkuppam,NE,34,35-40,137-142,13 29 14 N,80 31 3 E
Thoduvai,NE,60,44-49,1345-1350,11 28 32 N,80 12 40 E
Cathedral (Chennai),NE,59,66-71,2927-2932,13 21 15 N,80 49 37 E
Orurkuppam,NE,66,79-84,2613-2618,13 17 47 N,80 57 48 E
Chinna mudaliarchavadi,SE,111,26-31,392-397,11 53 13 N,80 5 6 E
Poombuhar,NE,70,20-25,120-125,11 12 45 N,80 2 56 E
Rajappettai,SE,131,39-44,673-678,11 26 8 N,80 3 23 E
Chennai,NE,47,52-57,1606-1611,13 27 10 N,80 40 11 E
Kottaimedu,NE,56,49-54,1281-1286,11 34 54 N,80 13 31 E
Padalore Periya Kuppam,NE,74,72-77,2578-2583,12 37 23 N,80 48 0 E
Pudhukuppam,SE,97,13-18,28-33,12 2 4 N,80 1 7 E
Samanthanpettai,NE,49,43-48,214-219,11 4 30 N,80 10 6 E
Pattinacherry,NE,65,57-62,1021-1026,11 9 30 N,80 21 11 E
Thalampettai,NE,73,22-27,101-106,11 8 42 N,80 4 3 E
Kadalore Ali Kuppam,NE,75,68-73,1709-1714,12 36 18 N,80 45 45 E
Mallipattinam,SE,97,35-40,0-5,10 14 17 N,79 39 36 E
Salavankuppam,NE,68,14-19,45-50,12 42 23 N,80 20 39 E
Alambaraikuppam,NE,85,17-22,31-36,12 16 57 N,80 11 5 E
Somanathanpattinam,NE,81,26-31,5-10,10 11 44 N,79 29 44 E
Thiruchinnankuppam,NE,33,32-37,65-70,13 24 34 N,80 28 44 E
Chithiraipettai,SE,127,36-41,624-629,11 25 32 N,80 2 39 E
Akkaraipettai,SE,136,19-24,23-28,10 37 6 N,79 59 4 E
Nallavadu,SE,109,40-45,1224-1229,11 44 38 N,80 11 2 E
Adaikkadevan,NE,78,23-28,2-7,10 14 29 N,79 29 7 E
Kuttiyandiyur,NE,86,10-15,23-28,11 3 6 N,79 57 48 E
Thiruvanmiyur,NE,71,74-79,2627-2632,13 12 43 N,80 56 20 E
Tirumullaivasal,NE,62,43-48,1364-1369,11 26 23 N,80 12 43 E
Pulicat,NE,48,11-16,29-34,13 30 11 N,80 25 18 E
Kallinodu,SE,93,17-22,16-21,10 29 5 N,80 2 15 E
Thandhirayankuppam,SE,143,21-26,223-228,11 48 13 N,79 58 15 E
Chinna Neelankarai,NE,38,31-36,56-61,13 11 19 N,80 27 8 E
Nallathanneer Odaikuppam,NE,32,31-36,51-56,13 23 30 N,80 27 59 E
Koonimedu Kuppam,NE,85,17-22,31-36,12 6 9 N,80 4 14 E
Gandhinagar,SE,105,51-56,4-9,10 11 37 N,79 52 15 E
M.G.R. Thittu,SE,135,21-26,35-40,11 19 19 N,79 56 36 E
Panaiyurkuppam,NE,66,64-69,2451-2456,13 8 3 N,80 48 39 E
Madathukuppam,NE,71,20-25,161-166,11 14 51 N,80 2 52 E
Devaneri,NE,86,37-42,104-109,12 40 33 N,80 34 7 E
Veerampatinam,SE,121,16-21,44-49,11 27 2 N,79 54 23 E
Thambikottai,SE,106,45-50,1-6,10 13 4 N,79 54 47 E
Ennorekuppam,NE,18,30-35,18-23,13 30 19 N,80 24 28 E
Vaithikuppam,SE,101,39-44,1181-1186,11 52 36 N,80 12 29 E
Anumandhaikuppam,NE,83,17-22,38-43,12 8 24 N,80 5 30 E
Keezhamoovarkarai,NE,61,41-46,1247-1252,11 24 18 N,80 12 10 E
Ondikuppam,NE,31,29-34,42-47,13 22 41 N,80 26 58 E
Kathivakkam Chinnakuppam,NE,33,37-42,139-144,13 30 29 N,80 31 23 E
Velivayal,SE,101,37-42,2-7,10 13 18 N,79 41 42 E
Kodiyakarai,SE,101,9-14,5-10,10 15 28 N,79 56 22 E
Pazhayanadukuppam,NE,67,34-39,53-58,12 32 56 N,80 25 54 E
Killai,SE,138,18-23,32-37,11 17 56 N,79 55 45 E
Thazhanguda,SE,132,44-49,947-952,11 29 13 N,80 6 39 E
Kollukadu,SE,100,38-43,1-6,10 13 28 N,79 42 50 E
Thengaithittu,SE,101,38-43,1359-1364,11 50 13 N,80 11 11 E
Sonaankuppam,SE,130,40-45,812-817,11 28 31 N,80 4 53 E
Koozhayar,NE,55,47-52,1208-1213,11 32 50 N,80 12 56 E
Vanagiri,NE,71,20-25,120-125,11 11 42 N,80 3 5 E
Pudhupettai,NE,74,23-28,99-104,11 7 54 N,80 4 44 E
Arambakkam,SE,97,19-24,54-59,13 32 15 N,80 27 44 E
Pudu Nemeli Kuppam,NE,60,17-22,49-54,12 44 43 N,80 21 57 E
Bommayanpettai (Vellakoil,NE,63,12-17,22-27,11 6 41 N,79 58 18 E
Coromandel,NE,67,13-18,32-37,13 30 18 N,80 26 9 E
Nambiyar Nagar,NE,47,37-42,66-71,11 1 37 N,80 6 51 E
Seruthur,NE,86,19-24,18-23,10 40 55 N,80 2 58 E
Periyakuppam,SE,125,33-38,529-534,11 25 21 N,80 1 44 E
Chettinagar,NE,83,17-22,39-44,12 7 11 N,80 5 2 E
Palagaithottikuppam,NE,33,35-40,79-84,13 26 57 N,80 29 47 E
Marakkanam,NE,80,17-22,21-26,12 12 47 N,80 8 16 E
Kameshwaram,NE,81,20-25,22-27,10 38 58 N,80 3 22 E
Karaiyurtheru,SE,104,52-57,3-8,10 11 59 N,79 53 9 E
Meyyurkuppam,E,90,95-100,2516-2521,12 31 17 N,81 3 59 E
Srinivasapuram,NE,65,76-81,2679-2684,13 19 1 N,80 55 57 E
Ganesapuram,NE,84,30-35,6-11,10 10 20 N,79 31 24 E
Eripurakkarai,SE,105,51-56,5-10,10 11 27 N,79 51 17 E
Pudupattinam,NE,85,84-89,2906-2911,12 34 4 N,80 57 15 E
Vanavanmadevi,NE,87,18-23,19-24,10 33 4 N,80 2 39 E
Parangipettai,SE,125,24-29,72-77,11 21 59 N,79 58 9 E
Pudukuppam,NE,72,20-25,139-144,11 13 48 N,80 2 49 E
Periya Kalapet,SE,105,13-18,27-32,11 59 36 N,80 0 17 E
Chinnandikuppam,NE,58,24-29,65-70,13 3 23 N,80 27 43 E
Perun Thuravu Kuppam,NE,52,22-27,35-40,12 30 30 N,80 15 47 E
Mudasalodai Village,NE,57,45-50,1271-1276,11 30 42 N,80 12 34 E
Mullimanagar,NE,67,71-76,2687-2692,13 16 45 N,80 54 37 E
Pushpavanam,SE,93,17-22,13-18,10 27 6 N,80 2 8 E
Chavadikuppam,NE,63,38-43,1080-1085,11 22 23 N,80 11 11 E
Chinnangudi,NE,73,21-26,104-109,11 9 40 N,80 3 37 E
Uyyalikuppam,NE,80,77-82,3325-3330,12 36 41 N,80 52 55 E
Kasiviswanathar koil Kuppam,NE,33,33-38,75-80,13 25 49 N,80 29 6 E
Nochikuppam,NE,85,16-21,28-33,12 5 20 N,80 3 13 E
Vanagiri,NE,55,100-105,2662-2667,11 39 42 N,80 37 57 E
Solainagar North,NE,83,27-32,126-131,11 58 55 N,80 6 21 E
Kasikoilkuppam,NE,72,37-42,270-275,13 16 27 N,80 39 14 E
Arkkattuthurai,SE,137,15-20,7-12,10 16 35 N,79 58 38 E
Panaiyur Chinnakuppam,SE,98,119-124,2958-2963,12 9 9 N,81 8 38 E
Kameshwaram,SE,160,25-30,4-9,10 23 10 N,79 56 31 E
Chandrappadi,NE,56,26-31,101-106,11 8 31 N,80 4 24 E
Koonimedu Kuppam,NE,89,109-114,2936-2941,12 6 41 N,80 55 34 E
Velivayal,SE,95,59-64,3-8,10 14 25 N,79 54 26 E
Nochikuppam,NE,89,109-114,2910-2915,12 5 37 N,80 55 16 E
Kottaimedu,NE,64,109-114,2544-2549,11 45 40 N,80 46 0 E
Kadappakam,SE,97,117-122,2911-2916,12 7 54 N,81 6 49 E
Panaiyur Periya Kuppam,SE,98,118-123,2928-2933,12 8 36 N,81 7 40 E
Komuttichavadikuppam,E,90,111-116,2963-2968,12 7 56 N,80 58 26 E
Mandavai Pudukuppam,SE,92,111-116,2965-2970,12 7 49 N,80 59 32 E
Pattinampakkam,E,90,65-70,2398-2403,13 1 42 N,80 53 58 E
Ennore Mugathuvarakuppan,NE,71,41-46,1853-1858,13 21 16 N,80 42 5 E
Chithiraipettai,SE,109,22-27,173-178,11 33 52 N,79 58 29 E
Nainarkuppam,SE,100,51-56,742-747,12 47 16 N,80 44 15 E
Nambiyar Nagar,SE,162,35-40,9-14,10 27 27 N,79 57 23 E
Vettaikaranrippu,SE,158,23-28,2-7,10 21 25 N,79 56 40 E
Ondikuppam,NE,74,30-35,206-211,13 12 44 N,80 34 54 E
Sothikuppam,SE,114,22-27,332-337,11 35 54 N,79 58 29 E
Vallavanpattinam,NE,88,73-78,1-6,10 10 13 N,79 55 47 E
Marakkanam,SE,94,113-118,2967-2972,12 7 3 N,81 1 36 E
Mahabalipuram,NE,46,41-46,76-81,12 53 42 N,80 29 17 E
Umarikuppam,NE,34,41-46,47-52,12 51 15 N,80 23 23 E
Pondicherry,SE,118,24-29,527-532,11 48 8 N,80 2 34 E
Sambaipattinam,SE,92,69-74,2-7,10 12 12 N,79 55 21 E
Kaippanikuppam,SE,96,113-118,2960-2965,12 6 51 N,81 2 41 E
Mullimanagar,SE,92,64-69,2435-2440,13 0 24 N,80 53 21 E
Pillayarthidal,SE,94,65-70,1-6,10 13 12 N,79 54 38 E
Vilunthamavadi,SE,159,24-29,3-8,10 22 17 N,79 56 35 E
Ayothikuppam,NE,61,24-29,74-79,13 10 4 N,80 29 52 E
Adaikkadevan,NE,89,70-75,2-7,10 11 58 N,79 55 32 E
Karanguda,SE,93,68-73,2-7,10 12 27 N,79 55 8 E
Nallathanneer Odaikuppam,NE,73,31-36,226-231,13 13 25 N,80 35 48 E
Royapuram,NE,74,28-33,177-182,13 12 5 N,80 33 57 E
Chemacherry,SE,95,39-44,145-150,12 44 39 N,80 37 37 E
Annanagar Pudhutheru,NE,88,73-78,2-7,10 11 7 N,79 55 51 E
Periyamangodu,SE,97,43-48,2359-2364,13 26 57 N,80 42 3 E
Pattinacherry,NE,45,23-28,42-47,11 5 38 N,80 0 52 E
Kadalore Chinna Kuppam,NE,43,43-48,64-69,12 45 10 N,80 25 57 E
Sonaankuppam,SE,115,21-26,309-314,11 37 56 N,79 58 35 E
Anichankuppam,E,90,111-116,2896-2901,12 3 25 N,80 55 27 E
Pudhukuppam,NE,82,25-30,57-62,12 5 12 N,80 7 31 E
Annamalaichery,SE,96,42-47,2296-2301,13 25 50 N,80 42 18 E
Mudaliyar Kuppam,SE,98,120-125,2998-3003,12 9 16 N,81 9 43 E
Kumarapettai,SE,104,23-28,166-171,11 31 52 N,79 58 50 E
Rajappettai,SE,117,22-27,160-165,11 34 53 N,79 58 29 E
Covelong (Kovalam),SE,96,41-46,155-160,12 45 3 N,80 38 59 E
Puthupattinam,SE,95,60-65,3-8,10 14 6 N,79 54 26 E
Chinna Neelankarai,SE,100,61-66,2300-2305,12 51 24 N,80 50 4 E
Cathedral (Chennai),NE,57,21-26,57-62,13 9 24 N,80 27 40 E
Pazhayar,NE,66,111-116,2638-2643,11 45 51 N,80 47 53 E
Soolerikattukuppam,NE,49,45-50,125-130,12 58 59 N,80 33 27 E
Pulicat,SE,94,39-44,2160-2165,13 23 33 N,80 42 21 E
Lakshmipuram Odaikuppam,NE,75,26-31,138-143,13 11 30 N,80 32 58 E
Seruthur,SE,162,28-33,4-9,10 24 3 N,79 56 30 E
Thambikottai,SE,99,43-48,3-8,10 16 32 N,79 54 43 E
Mallipattinam,SE,95,62-67,1-6,10 13 48 N,79 54 28 E
Vellapallam,SE,154,20-25,2-7,10 19 41 N,79 57 0 E
Kaverippattinam,NE,54,98-103,2649-2654,11 39 38 N,80 37 0 E
Mamallapuram,NE,45,39-44,70-75,12 53 7 N,80 28 1 E
Anumandhaikuppam,NE,89,110-115,2959-2964,12 7 50 N,80 57 20 E
Panaiyurkuppam,SE,100,53-58,870-875,12 48 0 N,80 45 29 E
Vasavankuppam,SE,96,115-120,2938-2943,12 6 47 N,81 3 48 E
Narambai,SE,118,23-28,260-265,11 42 40 N,80 0 16 E
Periya Neelankarai,SE,100,59-64,1857-1862,12 50 29 N,80 48 58 E
Muthupet,SE,98,41-46,3-8,10 16 50 N,79 54 48 E
Vedaranniyam,SE,136,16-21,8-13,10 15 45 N,79 58 55 E
Somanathanpattinam,NE,88,73-78,2-7,10 10 49 N,79 55 52 E
Devanampattinam,SE,117,21-26,271-276,11 38 57 N,79 58 43 E
Nagapattinam Harbour,SE,162,35-40,8-13,10 26 35 N,79 57 12 E
Senthalaivayal,NE,89,71-76,2-7,10 11 43 N,79 55 42 E
Cheyyur,SE,99,121-126,3038-3043,12 9 27 N,81 10 49 E
Tharangampadi,NE,66,28-33,235-240,11 8 38 N,80 6 38 E
Kadalore Ali Kuppam,NE,47,41-46,65-70,12 42 30 N,80 25 58 E
Kathivakkam Chinnakuppam,NE,74,38-43,744-749,13 18 10 N,80 40 44 E
Coromandel,SE,96,41-46,2232-2237,13 24 41 N,80 42 23 E
Muttukaduazhagankuppam,SE,97,116-121,2918-2923,12 6 52 N,81 4 54 E
Bommayanpettai (Vellakoil,NE,82,31-36,253-258,11 5 39 N,80 9 35 E
Arambakkam,SE,103,45-50,2273-2278,13 28 1 N,80 41 41 E
Mudaliarkuppam,NE,89,110-115,2898-2903,12 4 31 N,80 55 16 E
Vanavanmadevi,SE,157,21-26,2-7,10 20 32 N,79 56 48 E
Chinnamanai,SE,95,63-68,1-6,10 13 30 N,79 54 33 E
Portonovo,NE,79,116-121,3086-3091,11 42 12 N,80 50 45 E
Orurkuppam,SE,94,64-69,2598-2603,12 57 34 N,80 53 9 E
Veerampatinam,SE,100,25-30,397-402,11 29 29 N,80 0 43 E
Gandhinagar,SE,96,54-59,3-8,10 15 38 N,79 54 32 E
Karikal,SE,166,44-49,10-15,10 30 5 N,79 57 38 E
Kollukadu,SE,95,58-63,3-8,10 14 43 N,79 54 27 E
Kanathur Reddy Kuppam,SE,101,47-52,348-353,12 46 1 N,80 41 41 E
Thandhirayankuppam,NE,84,31-36,281-286,11 59 58 N,80 8 43 E
Ekkiyarkuppam,SE,93,111-116,2975-2980,12 7 27 N,81 0 34 E
Parangipettai,NE,78,115-120,3025-3030,11 42 59 N,80 50 11 E
Karaiyurtheru,SE,96,53-58,3-8,10 15 56 N,79 54 35 E
Madavamedu,NE,65,110-115,2566-2571,11 45 55 N,80 46 55 E
Palagaithottikuppam,NE,73,35-40,190-195,13 15 39 N,80 38 24 E
Koozhayar,NE,63,109-114,2537-2542,11 45 8 N,80 45 12 E
Keelathottam,SE,95,57-62,3-8,10 15 1 N,79 54 28 E
Angalamman Kuppam,NE,46,40-45,50-55,12 41 42 N,80 24 50 E
Mudasalodai,NE,77,115-120,2931-2936,11 43 50 N,80 49 45 E
Maravakadu,SE,99,48-53,3-8,10 16 14 N,79 54 39 E
Chinna mudaliarchavadi,NE,82,30-35,250-255,12 0 55 N,80 8 38 E
Nagore,SE,162,36-41,8-13,10 29 12 N,79 57 36 E
Topputturai,SE,139,15-20,6-11,10 17 22 N,79 58 14 E
Kuttiyandiyur,NE,76,28-33,173-178,11 6 29 N,80 7 32 E
Thengaithittu,SE,120,24-29,453-458,11 47 20 N,80 1 55 E
Pudhupettai,NE,72,39-44,729-734,11 10 55 N,80 13 23 E
Madathukuppam,NE,59,102-107,2754-2759,11 40 22 N,80 40 46 E
Sodhanaikuppam,NE,85,29-34,196-201,11 58 58 N,80 7 19 E
Odaikuppam,SE,96,65-70,2714-2719,12 56 8 N,80 53 5 E
Moorthipudukuppam,SE,119,22-27,197-202,11 40 55 N,79 59 14 E
Chavadikuppam,NE,60,104-109,2750-2755,11 41 16 N,80 42 27 E
Ernavoorkuppam,NE,75,36-41,539-544,13 17 17 N,80 40 1 E
Subbamachatram,NE,88,73-78,2-7,10 10 31 N,79 55 51 E
Devaneri,NE,49,41-46,79-84,12 54 29 N,80 30 27 E
Akkaraipettai,SE,163,35-40,6-11,10 25 44 N,79 56 57 E
Cuddalore Harbour,SE,115,22-27,344-349,11 36 56 N,79 58 31 E
Sadras,NE,39,39-44,42-47,12 47 8 N,80 24 3 E
Tranquebar,NE,76,36-41,578-583,11 9 3 N,80 11 58 E
Mudasalodai Village,NE,62,108-113,2595-2600,11 44 22 N,80 44 38 E
Samanthapettai,SE,101,25-30,281-286,11 30 16 N,80 0 4 E
Pudukuppam,NE,58,101-106,2718-2723,11 40 4 N,80 39 51 E
Nadukuppam,NE,85,30-35,256-261,11 59 11 N,80 8 14 E
Mattankuppam,NE,63,26-31,85-90,13 10 29 N,80 30 55 E
Panithittu,SE,121,22-27,208-213,11 41 51 N,79 59 39 E
Pudu Nemeli Kuppam,NE,49,45-50,102-107,12 56 24 N,80 32 31 E
Periyakuppam,SE,106,22-27,195-200,11 32 51 N,79 58 35 E
Thalampettai,NE,70,41-46,826-831,11 13 8 N,80 14 4 E
Chettinagar,NE,88,109-114,2950-2955,12 7 29 N,80 56 18 E
Killai,NE,72,112-117,2748-2753,11 45 28 N,80 48 45 E
Samanthanpettai,SE,162,35-40,9-14,10 28 19 N,79 57 31 E
Samiyarpettai,SE,99,23-28,178-183,11 31 0 N,79 59 21 E
Vaithikuppam,NE,82,25-30,76-81,11 59 7 N,80 5 25 E
Chinna Veerampattinam,SE,122,24-29,294-299,11 45 23 N,80 1 27 E
Perumalpettai,NE,81,35-40,403-408,11 6 46 N,80 11 26 E
P. Pudukuppam,SE,123,25-30,336-341,11 44 22 N,80 1 20 E
Kottivakkam,SE,97,63-68,2619-2624,12 53 32 N,80 51 58 E
Velanganni,SE,161,28-33,5-10,10 24 55 N,79 56 39 E
Egattur Karikattukuppam,SE,98,44-49,191-196,12 45 30 N,80 40 21 E
Poombuhar,NE,56,100-105,2694-2699,11 39 51 N,80 38 54 E
Tirumullaivasal,NE,62,106-111,2686-2691,11 42 39 N,80 43 47 E
Kodiyakarai,NE,80,6-11,3-8,10 17 24 N,79 55 0 E
Pillaichavadi,NE,83,28-33,250-255,12 2 32 N,80 7 38 E
Salavankuppam,NE,49,43-48,81-86,12 55 24 N,80 31 32 E
Srinivasapuram,SE,93,64-69,2490-2495,12 59 0 N,80 53 9 E
Padalore Periya Kuppam,NE,45,42-47,70-75,12 43 53 N,80 26 14 E
Nemmelikuppam,NE,86,36-41,93-98,12 44 33 N,80 34 46 E
Venpursham,NE,41,39-44,60-65,12 52 54 N,80 26 38 E
Palavakkam,SE,99,62-67,2565-2570,12 52 23 N,80 51 6 E
Alambaraikuppam,SE,98,116-121,2904-2909,12 7 15 N,81 5 56 E
Thoduvai,NE,63,107-112,2659-2664,11 43 28 N,80 44 18 E
Chinnangudi,NE,68,44-49,867-872,11 15 12 N,80 15 8 E
Sethubavachattram,SE,93,66-71,1-6,10 12 56 N,79 54 46 E
Thiruvanmiyur,SE,97,64-69,2773-2778,12 54 47 N,80 52 39 E
Bommaiyarpalyam,NE,83,29-34,261-266,12 1 43 N,80 8 7 E
Thazankuppam,NE,73,41-46,1418-1423,13 20 9 N,80 41 51 E
Keezhamoovarkarai,NE,60,105-110,2735-2740,11 41 55 N,80 43 10 E
Naickerkuppam,NE,59,103-108,2762-2767,11 40 45 N,80 41 39 E
Periya Kalapet,NE,83,26-31,131-136,12 3 25 N,80 7 14 E
Mandhiripattinam,NE,88,73-78,2-7,10 11 26 N,79 55 48 E
Pudupattinam,NE,37,40-45,53-58,12 48 28 N,80 23 36 E
Thazhanguda,SE,119,21-26,215-220,11 39 57 N,79 58 55 E
Ganapathichettikulam,NE,82,25-30,72-77,12 4 22 N,80 7 7 E
Uyyalikuppam,NE,42,39-44,47-52,12 45 56 N,80 24 47 E
Pudhunadukuppam,NE,46,37-42,54-59,12 39 48 N,80 22 56 E
Ganesapuram,NE,88,74-79,0-5,10 9 56 N,79 55 39 E
Kanathur,SE,101,49-54,508-513,12 46 37 N,80 42 59 E
M.G.R. Thittu,NE,75,113-118,2825-2830,11 44 42 N,80 49 19 E
Kathivakkam Periakuppam,NE,73,39-44,1005-1010,13 19 7 N,80 41 22 E
Nallavadu,SE,126,24-29,316-321,11 43 27 N,80 0 55 E
Point Calimer,NE,83,8-13,3-8,10 17 7 N,79 54 54 E
Pudhukalpakkam,NE,88,38-43,122-127,12 44 28 N,80 36 12 E
Chennai,NE,74,24-29,104-109,13 10 57 N,80 31 58 E
Perun Thuravu Kuppam,SE,100,121-126,3091-3096,12 10 35 N,81 12 41 E
Paramankeni,SE,99,122-127,3068-3073,12 9 53 N,81 11 49 E
Veerampattinam,SE,122,23-28,364-369,11 46 24 N,80 1 32 E
Pattipulam,NE,50,44-49,121-126,12 57 36 N,80 33 15 E
Chinnandikuppam,SE,102,57-62,1547-1552,12 49 36 N,80 47 51 E
Pushpavanam,SE,148,18-23,5-10,10 18 6 N,79 57 44 E
C Pudupettai,NE,80,117-122,3143-3148,11 41 36 N,80 51 30 E
Kasiviswanathar koil Kuppam,NE,74,33-38,185-190,13 14 53 N,80 37 33 E
Eripurakkarai,SE,97,55-60,3-8,10 15 19 N,79 54 30 E
Thiruchinnankuppam,NE,74,33-38,213-218,13 14 8 N,80 36 42 E
Kokilamedu,NE,38,38-43,56-61,12 52 56 N,80 25 13 E
Kallinodu,SE,153,20-25,3-8,10 18 51 N,79 57 18 E
Kazhumanguda,SE,93,67-72,1-6,10 12 41 N,79 54 57 E
Sathurangapattinam,NE,35,39-44,50-55,12 49 51 N,80 23 22 E
Pazhayanadukuppam,NE,45,38-43,43-48,12 41 0 N,80 23 37 E
Meyyurkuppam,NE,33,43-48,51-56,12 52 32 N,80 23 55 E
Ennorekuppam,NE,69,43-48,2003-2008,13 22 24 N,80 42 15 E
Injampakkam,SE,102,55-60,1272-1277,12 48 47 N,80 46 41 E
Chinnorpettai,NE,57,23-28,53-58,11 6 41 N,80 2 56 E
Chinnorpettai,SE,96,26-31,64-69,10 57 34 N,80 6 55 E
Arkkattuthurai,NE,76,10-15,9-14,10 24 59 N,79 58 37 E
Ernavoorkuppam,SE,95,26-31,217-222,13 10 51 N,80 35 0 E
Cuddalore Harbour,SE,109,144-149,3163-3168,11 16 12 N,81 3 10 E
Mallipattinam,SE,110,27-32,5-10,10 11 8 N,79 34 5 E
Alambaraikuppam,SE,123,18-23,32-37,12 9 59 N,80 10 10 E
Vasavankuppam,SE,116,19-24,99-104,12 8 36 N,80 9 44 E
Kazhumanguda,SE,100,25-30,5-10,10 11 57 N,79 31 21 E
Velanganni,NE,85,26-31,50-55,10 41 59 N,80 6 23 E
Pattinacherry,SE,91,25-30,50-55,10 55 42 N,80 6 14 E
Pillayarthidal,SE,106,26-31,5-10,10 11 27 N,79 32 41 E
Sathurangapattinam,NE,89,26-31,52-57,12 31 33 N,80 25 19 E
Mandavai Pudukuppam,SE,108,22-27,368-373,12 5 43 N,80 9 25 E
Anichankuppam,SE,100,29-34,517-522,12 0 39 N,80 10 3 E
Chennai,SE,100,18-23,66-71,13 5 14 N,80 28 46 E
Periya Kalapet,SE,100,31-36,585-590,11 58 29 N,80 10 10 E
Samanthapettai,SE,103,125-130,3310-3315,11 17 27 N,80 54 29 E
Vettaikaranrippu,NE,87,20-25,25-30,10 34 59 N,80 3 33 E
Kadappakam,SE,121,18-23,35-40,12 10 38 N,80 10 30 E
Pudukuppam,SE,100,81-86,1627-1632,11 2 24 N,80 36 38 E
Mudasalodai Village,SE,97,89-94,2705-2710,11 10 18 N,80 40 29 E
Venpursham,SE,92,31-36,79-84,12 35 5 N,80 29 51 E
Kadalore Ali Kuppam,SE,94,15-20,42-47,12 25 47 N,80 17 42 E
Sadras,NE,85,21-26,47-52,12 30 27 N,80 22 9 E
Portonovo,SE,102,114-119,3138-3143,11 16 39 N,80 49 33 E
Karikal,SE,94,24-29,56-61,10 53 47 N,80 5 43 E
Kumarapettai,SE,104,131-136,3315-3320,11 17 23 N,80 57 0 E
Maravakadu,SE,127,26-31,3-8,10 11 18 N,79 39 47 E
Pondicherry,SE,93,28-33,478-483,11 53 55 N,80 6 37 E
Thambikottai,SE,130,23-28,2-7,10 11 28 N,79 40 28 E
Vellapallam,NE,81,16-21,13-18,10 32 18 N,80 1 19 E
Padalore Periya Kuppam,SE,91,17-22,44-49,12 26 26 N,80 19 15 E
Nochikuppam,SE,98,28-33,462-467,12 2 6 N,80 9 54 E
Panithittu,SE,114,157-162,2959-2964,11 13 32 N,81 8 50 E
Lakshmipuram Odaikuppam,SE,97,19-24,71-76,13 6 7 N,80 29 12 E
Mandhiripattinam,NE,78,23-28,4-9,10 13 17 N,79 28 8 E
Chavadikuppam,SE,98,84-89,2012-2017,11 5 41 N,80 38 29 E
Palagaithottikuppam,NE,89,24-29,152-157,13 10 15 N,80 33 11 E
Kottaimedu,SE,98,92-97,2827-2832,11 12 19 N,80 41 57 E
Uyyalikuppam,E,90,19-24,45-50,12 29 16 N,80 20 59 E
Devanampattinam,SE,111,148-153,3057-3062,11 15 18 N,81 5 31 E
Chinnamanai,SE,109,26-31,5-10,10 11 17 N,79 33 23 E
Mattankuppam,NE,86,18-23,65-70,13 4 21 N,80 28 24 E
Veerampatinam,SE,103,122-127,3272-3277,11 17 23 N,80 53 14 E
Mudasalodai,SE,103,110-115,3053-3058,11 15 45 N,80 47 12 E
Kollukadu,SE,113,27-32,5-10,10 10 56 N,79 36 14 E
Vanavanmadevi,NE,86,19-24,19-24,10 33 16 N,80 3 3 E
Injampakkam,SE,93,62-67,2332-2337,12 53 32 N,80 50 42 E
Devaneri,SE,92,35-40,91-96,12 38 33 N,80 32 54 E
Nambiyar Nagar,NE,86,24-29,61-66,10 47 53 N,80 5 31 E
Tirumullaivasal,SE,98,87-92,2432-2437,11 8 0 N,80 39 26 E
Pattipulam,E,90,41-46,126-131,12 41 15 N,80 37 8 E
Solainagar North,SE,100,30-35,612-617,11 54 0 N,80 8 1 E
Kaippanikuppam,SE,116,19-24,201-206,12 7 53 N,80 9 36 E
Sonaankuppam,SE,110,146-151,3131-3136,11 15 47 N,81 4 21 E
Koozhayar,SE,97,90-95,2835-2840,11 11 21 N,80 41 9 E
Sodhanaikuppam,SE,99,31-36,613-618,11 54 30 N,80 8 32 E
Paramankeni,SE,153,8-13,24-29,12 16 2 N,80 6 36 E
Sethubavachattram,SE,102,26-31,5-10,10 11 40 N,79 32 0 E
Chithiraipettai,SE,106,136-141,3246-3251,11 17 5 N,80 59 30 E
Nagapattinam Harbour,E,90,25-30,53-58,10 45 55 N,80 5 50 E
Naickerkuppam,SE,99,83-88,1863-1868,11 4 32 N,80 37 58 E
Vaithikuppam,SE,100,29-34,470-475,11 54 5 N,80 7 19 E
Thandhirayankuppam,SE,98,32-37,570-575,11 55 42 N,80 9 21 E
Gandhinagar,SE,119,28-33,3-8,10 11 4 N,79 38 22 E
Ganapathichettikulam,SE,100,31-36,574-579,11 59 12 N,80 10 10 E
Egattur Karikattukuppam,SE,92,51-56,657-662,12 48 12 N,80 44 13 E
Nagore,NE,80,24-29,61-66,10 51 50 N,80 5 20 E
Thiruchinnankuppam,NE,89,22-27,104-109,13 9 10 N,80 31 34 E
Samanthanpettai,NE,82,24-29,48-53,10 49 51 N,80 5 18 E
Topputturai,NE,70,11-16,9-14,10 26 57 N,79 58 55 E
Keezhamoovarkarai,SE,97,85-90,2197-2202,11 6 51 N,80 38 58 E
Ennorekuppam,SE,97,36-41,211-216,13 11 21 N,80 39 49 E
Karanguda,SE,98,24-29,4-9,10 12 20 N,79 30 45 E
Chandrappadi,SE,92,28-33,66-71,10 59 21 N,80 7 49 E
Mudaliyar Kuppam,SE,124,19-24,39-44,12 12 20 N,80 11 51 E
Thazankuppam,SE,98,32-37,258-263,13 10 58 N,80 37 55 E
Kathivakkam Chinnakuppam,SE,96,28-33,229-234,13 10 49 N,80 35 59 E
Komuttichavadikuppam,SE,103,23-28,92-97,12 4 59 N,80 9 28 E
Muttukaduazhagankuppam,SE,117,18-23,59-64,12 9 18 N,80 9 55 E
Chemacherry,E,90,45-50,269-274,12 46 29 N,80 41 19 E
Panaiyur Chinnakuppam,SE,127,18-23,44-49,12 11 49 N,80 11 21 E
Puthupattinam,SE,113,27-32,5-10,10 11 2 N,79 34 48 E
Mamallapuram,SE,94,33-38,87-92,12 35 50 N,80 31 2 E
C Pudupettai,SE,102,117-122,3179-3184,11 16 59 N,80 50 45 E
Madathukuppam,SE,99,82-87,1726-1731,11 3 26 N,80 37 21 E
Vilunthamavadi,NE,87,23-28,32-37,10 36 22 N,80 4 56 E
Kokilamedu,SE,97,32-37,67-72,12 33 28 N,80 29 52 E
P. Pudukuppam,SE,117,165-170,3016-3021,11 11 19 N,81 11 53 E
Poombuhar,SE,99,79-84,1510-1515,11 1 26 N,80 35 49 E
Akkaraipettai,SE,95,26-31,38-43,10 43 57 N,80 6 9 E
M.G.R. Thittu,SE,103,106-111,3018-3023,11 15 12 N,80 46 4 E
Seruthur,SE,91,25-30,56-61,10 40 0 N,80 6 23 E
Soolerikattukuppam,NE,89,42-47,138-143,12 42 34 N,80 38 11 E
Pudhukalpakkam,NE,86,45-50,184-189,12 45 20 N,80 40 6 E
Covelong (Kovalam),E,90,48-53,462-467,12 47 22 N,80 42 45 E
Royapuram,SE,94,19-24,77-82,13 6 57 N,80 29 41 E
Ennore Mugathuvarakuppan,SE,98,33-38,227-232,13 11 8 N,80 38 53 E
Narambai,SE,114,159-164,2964-2969,11 12 50 N,81 9 53 E
Chettinagar,SE,99,26-31,190-195,12 3 33 N,80 9 43 E
Salavankuppam,NE,89,37-42,104-109,12 39 24 N,80 34 21 E
Sambaipattinam,SE,93,23-28,4-9,10 12 44 N,79 30 9 E
Periyakuppam,SE,105,133-138,3292-3297,11 17 16 N,80 58 15 E
Samiyarpettai,SE,103,128-133,3336-3341,11 17 27 N,80 55 45 E
Chinnandikuppam,SE,92,63-68,2583-2588,12 54 45 N,80 51 51 E
Marakkanam,SE,108,20-25,256-261,12 7 10 N,80 9 30 E
Mudaliarkuppam,SE,98,29-34,436-441,12 1 23 N,80 9 59 E
Pushpavanam,NE,80,12-17,10-15,10 28 53 N,79 59 25 E
Rajappettai,SE,108,139-144,3219-3224,11 16 51 N,81 0 44 E
Koonimedu Kuppam,SE,99,27-32,450-455,12 2 50 N,80 9 50 E
Panaiyur Periya Kuppam,SE,127,18-23,38-43,12 11 15 N,80 10 53 E
Chinna mudaliarchavadi,SE,97,32-37,593-598,11 56 22 N,80 9 40 E
Ayothikuppam,NE,88,18-23,70-75,13 3 25 N,80 28 6 E
Karaiyurtheru,SE,118,29-34,3-8,10 11 10 N,79 39 5 E
Kadalore Chinna Kuppam,NE,86,19-24,44-49,12 27 45 N,80 20 15 E
Ondikuppam,SE,91,20-25,79-84,13 7 45 N,80 30 15 E
Moorthipudukuppam,SE,113,154-159,2970-2975,11 14 11 N,81 7 46 E
Nemmelikuppam,NE,88,43-48,147-152,12 43 58 N,80 39 7 E
Sothikuppam,SE,108,141-146,3194-3199,11 16 33 N,81 1 58 E
Vanagiri,SE,100,78-83,1426-1431,11 0 30 N,80 34 59 E
Nainarkuppam,SE,92,58-63,1525-1530,12 51 14 N,80 48 15 E
Chinna Veerampattinam,SE,117,167-172,3051-3056,11 10 30 N,81 12 51 E
Muthupet,SE,132,22-27,2-7,10 11 39 N,79 41 10 E
Parangipettai,SE,103,112-117,3081-3086,11 16 14 N,80 48 21 E
Nadukuppam,SE,99,32-37,556-561,11 55 5 N,80 8 58 E
Nallavadu,SE,116,162-167,2988-2993,11 12 6 N,81 10 54 E
Pudupattinam,NE,86,23-28,50-55,12 31 7 N,80 23 42 E
Nallathanneer Odaikuppam,NE,88,21-26,86-91,13 8 30 N,80 30 52 E
Umarikuppam,NE,89,29-34,56-61,12 31 57 N,80 26 57 E
Kathivakkam Periakuppam,SE,96,30-35,245-250,13 10 51 N,80 36 57 E
Keelathottam,SE,114,27-32,5-10,10 10 57 N,79 36 56 E
Pulicat,SE,124,43-48,273-278,13 11 38 N,80 40 45 E
Eripurakkarai,SE,119,28-33,4-9,10 10 59 N,79 37 39 E
Kasikoilkuppam,NE,88,26-31,190-195,13 10 39 N,80 34 4 E
Mahabalipuram,SE,91,34-39,87-92,12 37 18 N,80 31 49 E
Ekkiyarkuppam,SE,111,21-26,498-503,12 6 26 N,80 9 27 E
Cheyyur,SE,99,9-14,23-28,12 18 41 N,80 9 7 E
Pazhayar,SE,98,96-101,2921-2926,11 13 54 N,80 43 54 E
Pudu Nemeli Kuppam,NE,88,40-45,116-121,12 40 12 N,80 35 50 E
Senthalaivayal,NE,81,23-28,4-9,10 13 17 N,79 28 51 E
Thazhanguda,SE,112,151-156,3010-3015,11 14 46 N,81 6 39 E
Velivayal,SE,113,27-32,5-10,10 10 58 N,79 35 30 E
Pillaichavadi,SE,98,32-37,594-599,11 57 45 N,80 10 5 E
Panaiyurkuppam,SE,92,60-65,1978-1983,12 52 21 N,80 49 30 E
Madavamedu,SE,97,94-99,2869-2874,11 13 9 N,80 42 54 E
Veerampattinam,SE,118,169-174,3096-3101,11 9 38 N,81 13 46 E
Adaikkadevan,NE,84,23-28,4-9,10 13 5 N,79 29 32 E
Kallinodu,NE,82,13-18,10-15,10 30 43 N,80 0 10 E
Bommaiyarpalyam,SE,98,32-37,544-549,11 57 3 N,80 9 55 E
Meyyurkuppam,NE,88,31-36,71-76,12 32 27 N,80 28 33 E
Kameshwaram,NE,86,24-29,39-44,10 38 3 N,80 5 57 E
Kanathur,SE,93,56-61,1168-1173,12 50 10 N,80 46 57 E
Angalamman Kuppam,SE,94,13-18,40-45,12 25 4 N,80 16 12 E
Cathedral (Chennai),SE,95,18-23,69-74,13 1 31 N,80 27 45 E
Kanathur Reddy Kuppam,SE,94,53-58,939-944,12 49 9 N,80 45 36 E
Pudhukuppam,SE,101,30-35,568-573,11 59 56 N,80 10 8 E
Killai,SE,102,102-107,2953-2958,11 14 35 N,80 44 58 E
Thoduvai,SE,98,88-93,2586-2591,11 9 10 N,80 39 56 E
Anumandhaikuppam,SE,102,24-29,161-166,12 4 16 N,80 9 35 E
Kasiviswanathar koil Kuppam,E,90,23-28,117-122,13 9 46 N,80 32 20 E
Koonimedu Kuppam,SE,93,14-19,26-31,12 4 50 N,80 2 56 E
Thazankuppam,NE,80,59-64,2791-2796,13 19 6 N,80 52 25 E
Poombuhar,NE,75,17-22,70-75,11 11 17 N,80 1 30 E
Perumalpettai,SE,109,43-48,276-281,10 55 32 N,80 14 47 E
Kathivakkam Periakuppam,NE,74,54-59,2910-2915,13 20 47 N,80 49 35 E
Chemacherry,NE,45,67-72,1022-1027,13 13 24 N,80 42 49 E
Pattinacherry,SE,126,32-37,54-59,10 45 15 N,80 6 27 E
Somanathanpattinam,NE,86,25-30,6-11,10 10 32 N,79 29 26 E
Arambakkam,SE,99,105-110,3144-3149,13 24 8 N,81 14 52 E
Thiruchinnankuppam,NE,42,32-37,144-149,13 22 47 N,80 31 0 E
Angalamman Kuppam,NE,53,70-75,192-197,12 49 23 N,80 40 9 E
Kodiyakarai,SW,261,22-27,2-7,10 14 39 N,79 37 20 E
Cheyyur,NE,66,54-59,82-87,12 32 17 N,80 31 46 E
Pillayarthidal,SE,92,19-24,2-7,10 15 15 N,79 29 2 E
Kathivakkam Chinnakuppam,NE,68,54-59,3063-3068,13 23 51 N,80 48 33 E
Sodhanaikuppam,SE,105,71-76,2353-2358,11 47 5 N,80 29 31 E
Vasavankuppam,NE,66,18-23,27-32,12 18 1 N,80 9 35 E
Madavamedu,NE,64,29-34,876-881,11 27 25 N,80 5 40 E
Srinivasapuram,NE,62,27-32,95-100,13 8 37 N,80 31 11 E
Keezhamoovarkarai,NE,59,18-23,117-122,11 18 28 N,80 0 33 E
Pudhukalpakkam,NE,44,69-74,688-693,13 11 57 N,80 42 3 E
Ennore Mugathuvarakuppan,NE,80,64-69,2679-2684,13 19 35 N,80 55 43 E
Moorthipudukuppam,SE,103,46-51,1462-1467,11 41 26 N,80 14 1 E
Salavankuppam,NE,51,73-78,1286-1291,13 4 54 N,80 45 37 E
Tranquebar,SE,110,36-41,100-105,10 56 44 N,80 10 56 E
Mandavai Pudukuppam,NE,78,14-19,30-35,12 11 33 N,80 5 44 E
Kottaimedu,NE,67,28-33,853-858,11 25 47 N,80 5 38 E
Chinnangudi,NE,70,46-51,924-929,11 15 11 N,80 16 43 E
Soolerikattukuppam,NE,47,69-74,662-667,13 8 42 N,80 42 40 E
Periyakuppam,SE,113,25-30,179-184,11 30 47 N,79 59 21 E
Thazhanguda,SE,121,19-24,110-115,11 40 14 N,79 57 35 E
Vanavanmadevi,SE,117,23-28,14-19,10 26 21 N,80 3 52 E
Panaiyur Periya Kuppam,NE,69,45-50,52-57,12 27 16 N,80 26 14 E
Devanampattinam,SE,119,20-25,201-206,11 38 45 N,79 57 58 E
Karikal,SE,128,32-37,41-46,10 43 24 N,80 6 1 E
Topputturai,SE,115,18-23,11-16,10 19 54 N,80 2 14 E
Egattur Karikattukuppam,NE,68,94-99,2734-2739,13 8 24 N,81 4 33 E
Palagaithottikuppam,NE,37,32-37,90-95,13 25 0 N,80 30 21 E
Koozhayar,NE,66,28-33,789-794,11 24 9 N,80 5 20 E
Meyyurkuppam,NE,61,82-87,2332-2337,12 53 38 N,80 50 59 E
Mallipattinam,SE,115,27-32,5-10,10 9 50 N,79 34 1 E
Gandhinagar,SE,122,20-25,4-9,10 12 44 N,79 33 59 E
Periyamangodu,SE,96,96-101,3128-3133,13 23 58 N,81 11 30 E
Chennai,NE,55,31-36,173-178,13 17 23 N,80 32 53 E
Pudhukuppam,NE,78,53-58,1597-1602,12 9 20 N,80 22 26 E
Kallinodu,SE,120,22-27,13-18,10 23 2 N,80 3 22 E
Chavadikuppam,NE,64,17-22,81-86,11 17 1 N,80 0 29 E
Alambaraikuppam,NE,67,20-25,34-39,12 20 47 N,80 12 7 E
Chinna mudaliarchavadi,NE,87,39-44,927-932,11 59 48 N,80 13 41 E
Paramankeni,NE,66,56-61,93-98,12 33 56 N,80 33 38 E
Pudhupettai,NE,72,52-57,1131-1136,11 13 26 N,80 20 6 E
Umarikuppam,NE,61,79-84,1935-1940,12 52 53 N,80 49 55 E
Chandrappadi,SE,128,31-36,53-58,10 48 51 N,80 5 52 E
Eripurakkarai,SE,122,20-25,4-9,10 12 37 N,79 33 21 E
Nallathanneer Odaikuppam,NE,44,33-38,135-140,13 21 43 N,80 31 26 E
Palavakkam,NE,80,115-120,3371-3376,13 8 57 N,81 19 56 E
Karanguda,SE,92,20-25,3-8,10 13 45 N,79 28 14 E
Mudaliarkuppam,NE,72,58-63,753-758,12 13 52 N,80 25 2 E
Odaikuppam,NE,65,27-32,97-102,13 6 21 N,80 31 11 E
Sathurangapattinam,NE,61,77-82,1525-1530,12 52 29 N,80 48 40 E
Thengaithittu,SE,106,63-68,2148-2153,11 44 33 N,80 24 22 E
Chithiraipettai,SE,114,26-31,290-295,11 32 0 N,80 0 15 E
Adaikkadevan,NE,86,21-26,5-10,10 12 36 N,79 28 22 E
Ayothikuppam,NE,51,33-38,155-160,13 15 6 N,80 32 33 E
Thoduvai,NE,72,28-33,787-792,11 21 2 N,80 6 14 E
Mattankuppam,NE,50,34-39,161-166,13 16 13 N,80 32 48 E
Pudukuppam,NE,75,17-22,80-85,11 12 45 N,80 1 30 E
Uyyalikuppam,NE,58,73-78,683-688,12 50 50 N,80 45 10 E
Perun Thuravu Kuppam,NE,67,57-62,93-98,12 35 17 N,80 35 45 E
Kasikoilkuppam,NE,35,34-39,89-94,13 26 10 N,80 30 18 E
Thandhirayankuppam,SE,92,37-42,871-876,11 57 27 N,80 12 30 E
Sonaankuppam,SE,116,22-27,309-314,11 37 30 N,79 58 50 E
Kollukadu,SE,117,22-27,5-10,10 11 28 N,79 33 2 E
Chinna Neelankarai,NE,79,112-117,3288-3293,13 8 23 N,81 18 4 E
Portonovo,SE,127,14-19,37-42,11 24 59 N,79 53 27 E
Annamalaichery,SE,96,89-94,3148-3153,13 23 39 N,81 8 9 E
Kadappakam,NE,67,43-48,53-58,12 25 59 N,80 24 4 E
Madathukuppam,NE,72,17-22,83-88,11 14 11 N,80 1 14 E
Mahabalipuram,NE,54,79-84,2074-2079,13 3 43 N,80 48 45 E
Panaiyurkuppam,NE,74,103-108,2939-2944,13 9 19 N,81 11 30 E
Karaiyurtheru,SE,120,20-25,3-8,10 12 56 N,79 34 36 E
Samanthapettai,SE,115,14-19,40-45,11 29 13 N,79 53 43 E
Pattipulam,NE,48,69-74,682-687,13 7 9 N,80 43 19 E
Mudasalodai Village,NE,69,27-32,800-805,11 22 32 N,80 5 31 E
Point Calimer,SW,261,21-26,3-8,10 14 27 N,79 36 42 E
Vilunthamavadi,SE,116,23-28,17-22,10 29 41 N,80 3 57 E
Tirumullaivasal,NE,73,28-33,699-704,11 19 24 N,80 6 26 E
Keelathottam,SE,117,20-25,5-10,10 12 7 N,79 32 58 E
Vedaranniyam,SE,125,16-21,8-13,10 17 20 N,80 0 12 E
Thalampettai,NE,70,50-55,1035-1040,11 14 29 N,80 18 30 E
Naickerkuppam,NE,66,17-22,92-97,11 15 35 N,80 0 48 E
Kazhumanguda,SE,91,19-24,2-7,10 14 20 N,79 28 20 E
Velanganni,SE,118,29-34,35-40,10 32 52 N,80 6 4 E
Senthalaivayal,NE,86,23-28,6-11,10 12 2 N,79 28 32 E
Kokilamedu,NE,65,79-84,2702-2707,12 54 10 N,80 52 10 E
Injampakkam,NE,75,106-111,2970-2975,13 10 0 N,81 13 18 E
Nainarkuppam,NE,72,101-106,2932-2937,13 9 35 N,81 9 37 E
Maravakadu,SE,134,17-22,3-8,10 13 15 N,79 35 10 E
Solainagar North,SE,107,71-76,2358-2363,11 45 20 N,80 29 7 E
Bommayanpettai (Vellakoil,SE,113,49-54,378-383,10 52 25 N,80 17 15 E
Pudu Nemeli Kuppam,NE,49,72-77,829-834,13 5 45 N,80 44 12 E
Rajappettai,SE,118,27-32,362-367,11 33 28 N,80 0 39 E
Parangipettai,SE,131,15-20,39-44,11 23 53 N,79 53 40 E
Vettaikaranrippu,SE,117,23-28,22-27,10 28 1 N,80 3 59 E
Covelong (Kovalam),NE,46,69-74,1717-1722,13 14 26 N,80 44 8 E
Nochikuppam,NE,71,61-66,347-352,12 15 42 N,80 26 55 E
Pattinampakkam,NE,60,30-35,119-124,13 10 36 N,80 32 15 E
Ennorekuppam,NE,78,70-75,2605-2610,13 21 43 N,80 58 17 E
C Pudupettai,SE,123,14-19,40-45,11 26 5 N,79 53 38 E
Kottivakkam,NE,79,118-123,3424-3429,13 10 12 N,81 21 22 E
Thiruvanmiyur,NE,67,27-32,99-104,13 5 12 N,80 31 14 E
Ganesapuram,NE,87,29-34,6-11,10 9 25 N,79 30 46 E
Marakkanam,NE,67,17-22,28-33,12 14 58 N,80 7 21 E
Narambai,SE,102,51-56,1679-1684,11 43 7 N,80 17 7 E
Muttukaduazhagankuppam,NE,63,19-24,28-33,12 19 36 N,80 10 37 E
Arkkattuthurai,SE,118,17-22,10-15,10 18 26 N,80 1 26 E
Nagapattinam Harbour,SE,126,28-33,32-37,10 36 20 N,80 4 40 E
Kasiviswanathar koil Kuppam,NE,40,31-36,122-127,13 23 53 N,80 30 37 E
Vallavanpattinam,NE,87,27-32,5-10,10 9 43 N,79 30 16 E
Ganapathichettikulam,NE,79,49-54,1531-1536,12 7 33 N,80 20 30 E
Periya Kalapet,NE,82,47-52,1352-1357,12 5 27 N,80 18 58 E
Muthupet,SE,142,12-17,4-9,10 14 7 N,79 36 9 E
Padalore Periya Kuppam,NE,55,72-77,308-313,12 50 8 N,80 42 38 E
Nallavadu,SE,105,52-57,1737-1742,11 44 34 N,80 18 3 E
Akkaraipettai,SE,126,31-36,36-41,10 34 41 N,80 5 36 E
Vanagiri,NE,71,39-44,807-812,11 15 2 N,80 13 7 E
Puthupattinam,SE,117,25-30,6-11,10 10 17 N,79 33 33 E
Chettinagar,NE,85,14-19,20-25,12 6 43 N,80 3 5 E
Chinnamanai,SE,114,29-34,5-10,10 9 32 N,79 34 36 E
Chinnorpettai,SE,128,33-38,62-67,10 47 9 N,80 6 38 E
Anichankuppam,NE,75,55-60,1270-1275,12 11 42 N,80 23 33 E
Kadalore Ali Kuppam,NE,54,71-76,221-226,12 49 57 N,80 41 20 E
Seruthur,SE,119,31-36,31-36,10 31 21 N,80 7 13 E
Thambikottai,SE,139,14-19,3-8,10 13 40 N,79 35 40 E
Kameshwaram,SE,115,23-28,13-18,10 31 20 N,80 3 41 E
Royapuram,NE,50,32-37,165-170,13 19 39 N,80 32 30 E
M.G.R. Thittu,SE,131,15-20,27-32,11 21 59 N,79 54 50 E
Kuttiyandiyur,SE,114,55-60,385-390,10 49 51 N,80 20 20 E
Pushpavanam,SE,119,21-26,12-17,10 21 26 N,80 2 54 E
Kumarapettai,SE,113,23-28,154-159,11 29 36 N,79 58 27 E
Nambiyar Nagar,SE,124,26-31,28-33,10 38 11 N,80 4 11 E
Pazhayanadukuppam,NE,54,69-74,176-181,12 48 15 N,80 39 37 E
Cathedral (Chennai),NE,55,31-36,98-103,13 12 53 N,80 31 53 E
Nagore,SE,119,27-32,35-40,10 41 49 N,80 4 59 E
Mullimanagar,NE,62,29-34,104-109,13 9 30 N,80 31 57 E
Bommaiyarpalyam,NE,84,41-46,1213-1218,12 2 3 N,80 15 2 E
Pudupattinam,NE,59,77-82,1095-1100,12 52 11 N,80 47 24 E
Anumandhaikuppam,NE,82,14-19,24-29,12 8 25 N,80 3 57 E
Kadalore Chinna Kuppam,NE,56,74-79,437-442,12 50 26 N,80 43 55 E
Panaiyur Chinnakuppam,NE,68,48-53,54-59,12 28 40 N,80 28 19 E
Sadras,NE,58,75-80,932-937,12 51 28 N,80 46 18 E
Mamallapuram,NE,55,80-85,2149-2154,13 2 38 N,80 49 59 E
Kaippanikuppam,NE,70,16-21,31-36,12 16 22 N,80 8 39 E
Orurkuppam,NE,63,27-32,88-93,13 7 30 N,80 30 59 E
Mudaliyar Kuppam,NE,67,52-57,65-70,12 30 19 N,80 30 12 E
Chinnandikuppam,NE,78,106-111,3009-3014,13 8 29 N,81 14 26 E
Pulicat,SE,94,73-78,2716-2721,13 22 35 N,81 1 31 E
Vaithikuppam,SE,109,70-75,2314-2319,11 43 55 N,80 27 59 E
Pazhayar,SE,109,6-11,35-40,11 19 49 N,79 54 11 E
Sethubavachattram,E,90,19-24,2-7,10 14 51 N,79 28 37 E
Samiyarpettai,SE,112,22-27,202-207,11 28 8 N,79 58 8 E
Pondicherry,SE,107,66-71,2255-2260,11 43 59 N,80 26 9 E
Killai,SE,131,13-18,32-37,11 20 54 N,79 54 33 E
Periya Neelankarai,NE,79,109-114,3145-3150,13 7 56 N,81 16 11 E
P. Pudukuppam,SE,103,55-60,1836-1841,11 45 21 N,80 19 37 E
Kaverippattinam,NE,71,43-48,859-864,11 15 39 N,80 14 52 E
Ernavoorkuppam,NE,35,32-37,88-93,13 27 19 N,80 30 26 E
Ekkiyarkuppam,NE,74,14-19,29-34,12 13 20 N,80 6 21 E
Komuttichavadikuppam,NE,80,16-21,16-21,12 9 41 N,80 5 21 E
Pudhunadukuppam,NE,67,56-61,140-145,12 37 21 N,80 37 9 E
Nemmelikuppam,NE,45,69-74,596-601,13 10 17 N,80 42 10 E
Annanagar Pudhutheru,NE,86,25-30,6-11,10 11 0 N,79 29 4 E
Mandhiripattinam,NE,85,24-29,6-11,10 11 30 N,79 28 46 E
Pillaichavadi,NE,82,45-50,1296-1301,12 3 45 N,80 17 1 E
Lakshmipuram Odaikuppam,NE,53,32-37,167-172,13 18 32 N,80 32 49 E
Mudasalodai,SE,131,16-21,33-38,11 22 59 N,79 54 21 E
Cuddalore Harbour,SE,115,24-29,404-409,11 36 22 N,79 59 52 E
Samanthanpettai,SE,121,26-31,19-24,10 40 5 N,80 4 15 E
Chinna Veerampattinam,SE,102,57-62,1933-1938,11 46 12 N,80 21 9 E
Veerampattinam,SE,105,59-64,2047-2052,11 45 14 N,80 22 39 E
Coromandel,SE,95,82-87,2951-2956,13 23 11 N,81 4 50 E
Kanathur,NE,70,99-104,2875-2880,13 10 12 N,81 7 50 E
Veerampatinam,SE,115,15-20,46-51,11 28 15 N,79 54 14 E
Vellapallam,SE,117,23-28,14-19,10 24 41 N,80 3 41 E
Nadukuppam,SE,97,35-40,816-821,11 55 16 N,80 11 2 E
Sothikuppam,SE,114,26-31,401-406,11 34 59 N,80 0 30 E
Sambaipattinam,SE,92,20-25,4-9,10 13 10 N,79 28 15 E
Venpursham,NE,56,82-87,2219-2224,13 1 6 N,80 50 39 E
Devaneri,NE,53,75-80,1747-1752,13 4 21 N,80 47 12 E
Subbamachatram,NE,86,26-31,5-10,10 10 7 N,79 29 51 E
Tharangampadi,SE,133,30-35,46-51,10 49 54 N,80 4 18 E
Ondikuppam,NE,47,32-37,142-147,13 20 41 N,80 31 59 E
Velivayal,SE,117,24-29,5-10,10 10 51 N,79 33 13 E
Kanathur Reddy Kuppam,NE,69,96-101,2774-2779,13 9 41 N,81 5 59 E
Panithittu,SE,103,49-54,1570-1575,11 42 17 N,80 15 38 E
Seruthur,SE,110,23-28,31-36,10 35 36 N,80 4 5 E
C Pudupettai,NE,60,16-21,62-67,11 36 1 N,79 54 52 E
Mudasalodai,NE,54,14-19,37-42,11 34 53 N,79 53 56 E
Pudhukalpakkam,SE,91,42-47,140-145,12 43 15 N,80 38 35 E
Samiyarpettai,NE,60,15-20,26-31,11 37 56 N,79 54 0 E
Kallinodu,NE,86,13-18,10-15,10 30 6 N,80 0 5 E
Madathukuppam,SE,119,37-42,86-91,11 0 32 N,80 10 4 E
Rajappettai,SE,115,9-14,22-27,11 38 25 N,79 51 47 E
Periya Kalapet,SE,136,27-32,451-456,11 50 27 N,80 3 12 E
Chandrappadi,SE,133,33-38,58-63,10 46 43 N,80 5 38 E
Vilunthamavadi,SE,100,19-24,21-26,10 33 42 N,80 2 52 E
Nagore,SE,116,28-33,37-42,10 42 10 N,80 5 56 E
Cheyyur,NE,65,25-30,39-44,12 25 50 N,80 16 58 E
Komuttichavadikuppam,SE,146,27-32,164-169,11 54 48 N,80 4 41 E
Veerampatinam,NE,61,17-22,48-53,11 37 8 N,79 54 48 E
Chinnandikuppam,SE,101,53-58,867-872,12 50 18 N,80 45 43 E
Chettinagar,SE,140,27-32,264-269,11 53 45 N,80 4 51 E
Paramankeni,NE,66,24-29,40-45,12 26 48 N,80 17 33 E
Vasavankuppam,NE,60,23-28,32-37,12 20 22 N,80 11 38 E
Narambai,SE,113,19-24,128-133,11 44 18 N,79 59 3 E
Nadukuppam,SE,130,26-31,517-522,11 47 53 N,80 2 31 E
Mudaliyar Kuppam,NE,63,25-30,39-44,12 25 22 N,80 15 56 E
Pazhayanadukuppam,NE,70,21-26,41-46,12 29 36 N,80 19 26 E
Periyamangodu,SE,136,19-24,34-39,13 21 31 N,80 25 45 E
Koonimedu Kuppam,SE,139,27-32,330-335,11 53 13 N,80 4 47 E
Kaippanikuppam,NE,60,22-27,28-33,12 19 41 N,80 10 45 E
Pillaichavadi,SE,133,26-31,495-500,11 49 57 N,80 3 2 E
Perun Thuravu Kuppam,NE,67,23-28,41-46,12 27 49 N,80 18 2 E
P. Pudukuppam,SE,125,22-27,209-214,11 44 40 N,80 0 3 E
Kaverippattinam,SE,125,33-38,68-73,10 56 43 N,80 7 44 E
Devaneri,NE,88,34-39,92-97,12 39 43 N,80 32 45 E
Periyakuppam,NE,76,12-17,24-29,11 38 14 N,79 52 55 E
Portonovo,NE,58,16-21,59-64,11 35 28 N,79 54 44 E
Pudhukuppam,SE,137,27-32,417-422,11 51 26 N,80 3 39 E
Nochikuppam,SE,137,27-32,402-407,11 52 43 N,80 4 36 E
Pudupattinam,NE,78,29-34,47-52,12 33 26 N,80 26 16 E
Kadalore Ali Kuppam,NE,70,22-27,43-48,12 31 4 N,80 21 10 E
Panaiyur Periya Kuppam,NE,65,23-28,43-48,12 23 42 N,80 14 38 E
Angalamman Kuppam,NE,69,22-27,43-48,12 30 23 N,80 20 15 E
Kadalore Chinna Kuppam,NE,70,26-31,49-54,12 31 56 N,80 23 14 E
Padalore Periya Kuppam,NE,70,24-29,47-52,12 31 36 N,80 22 10 E
Palavakkam,SE,100,58-63,1525-1530,12 52 7 N,80 48 34 E
Pudhupettai,SE,125,32-37,54-59,10 53 26 N,80 6 45 E
Annamalaichery,SE,119,15-20,40-45,13 24 7 N,80 26 8 E
Panaiyurkuppam,SE,98,50-55,492-497,12 49 6 N,80 43 48 E
Nemmelikuppam,SE,91,41-46,134-139,12 42 35 N,80 37 39 E
Muttukaduazhagankuppam,NE,61,24-29,33-38,12 21 9 N,80 12 28 E
Alambaraikuppam,NE,64,23-28,37-42,12 22 3 N,80 13 10 E
Sodhanaikuppam,SE,131,26-31,474-479,11 47 21 N,80 2 26 E
Karikal,SE,128,32-37,41-46,10 43 18 N,80 5 57 E
Pudu Nemeli Kuppam,NE,86,38-43,108-113,12 40 51 N,80 34 43 E
Samanthanpettai,SE,116,27-32,42-47,10 41 3 N,80 5 45 E
Anumandhaikuppam,SE,144,27-32,207-212,11 54 17 N,80 4 49 E
Kanathur Reddy Kuppam,SE,100,47-52,348-353,12 46 17 N,80 41 54 E
Sonaankuppam,SE,94,17-22,16-21,11 42 30 N,79 57 19 E
Pushpavanam,NE,79,12-17,10-15,10 29 3 N,79 59 39 E
Chinna Veerampattinam,SE,126,23-28,259-264,11 44 54 N,80 0 32 E
Chinnorpettai,SE,134,34-39,53-58,10 45 34 N,80 5 42 E
Chinna mudaliarchavadi,SE,129,26-31,523-528,11 48 56 N,80 2 42 E
Naickerkuppam,SE,119,39-44,106-111,11 0 43 N,80 11 9 E
Veerampattinam,SE,127,23-28,232-237,11 45 12 N,80 0 58 E
Vaithikuppam,SE,133,27-32,411-416,11 46 21 N,80 2 4 E
Keezhamoovarkarai,SE,121,44-49,217-222,10 59 49 N,80 13 14 E
Vedaranniyam,NE,67,11-16,9-14,10 25 42 N,79 59 0 E
Tirumullaivasal,SE,124,49-54,284-289,10 59 3 N,80 14 4 E
Soolerikattukuppam,SE,91,39-44,123-128,12 41 58 N,80 36 42 E
Tharangampadi,SE,135,34-39,61-66,10 47 51 N,80 5 41 E
Anichankuppam,SE,137,27-32,362-367,11 51 53 N,80 3 56 E
Kameshwaram,SE,101,21-26,25-30,10 34 37 N,80 3 32 E
Venpursham,NE,84,32-37,80-85,12 37 34 N,80 30 8 E
Topputturai,NE,64,13-18,9-14,10 27 57 N,79 59 18 E
Madavamedu,NE,19,22-27,42-47,11 32 46 N,79 54 38 E
Chithiraipettai,NE,89,10-15,23-28,11 38 18 N,79 52 21 E
Vanavanmadevi,SE,93,16-21,12-17,10 31 58 N,80 1 23 E
Chemacherry,SE,96,42-47,163-168,12 43 54 N,80 39 30 E
Kumarapettai,NE,69,14-19,24-29,11 38 9 N,79 53 29 E
Nainarkuppam,SE,99,49-54,473-478,12 48 14 N,80 43 5 E
Mandavai Pudukuppam,NE,52,23-28,20-25,12 18 8 N,80 7 43 E
Kuttiyandiyur,SE,134,34-39,53-58,10 48 59 N,80 5 49 E
Pudukuppam,SE,120,35-40,70-75,10 59 44 N,80 9 15 E
Tranquebar,SE,128,32-37,51-56,10 52 20 N,80 6 29 E
Mudasalodai Village,SE,129,55-60,310-315,10 57 11 N,80 15 21 E
Pattinacherry,SE,129,32-37,46-51,10 44 27 N,80 5 51 E
Arkkattuthurai,NE,63,12-17,10-15,10 26 51 N,79 59 4 E
Kadappakam,NE,61,24-29,38-43,12 23 1 N,80 13 45 E
Thalampettai,SE,124,32-37,58-63,10 54 33 N,80 7 2 E
Pudhunadukuppam,NE,71,19-24,40-45,12 28 45 N,80 18 41 E
Chavadikuppam,SE,120,42-47,157-162,11 0 23 N,80 12 15 E
Cuddalore Harbour,SE,125,8-13,20-25,11 39 15 N,79 51 10 E
Perumalpettai,SE,130,33-38,45-50,10 51 13 N,80 6 14 E
M.G.R. Thittu,NE,47,14-19,35-40,11 34 19 N,79 53 58 E
Egattur Karikattukuppam,SE,98,46-51,245-250,12 45 23 N,80 41 13 E
Sothikuppam,SE,118,8-13,20-25,11 38 42 N,79 51 18 E
Kanathur,SE,100,48-53,387-392,12 47 16 N,80 42 29 E
Sadras,NE,77,27-32,54-59,12 32 48 N,80 25 20 E
Kottaimedu,NE,19,23-28,43-48,11 32 12 N,79 54 39 E
Covelong (Kovalam),SE,96,44-49,181-186,12 44 36 N,80 40 24 E
Solainagar North,SE,131,26-31,437-442,11 46 50 N,80 2 18 E
Pulicat,NE,63,13-18,56-61,13 28 47 N,80 27 1 E
Koozhayar,NE,17,25-30,44-49,11 31 38 N,79 54 33 E
Nallavadu,SE,126,21-26,170-175,11 44 29 N,79 59 33 E
Marakkanam,NE,55,24-29,23-28,12 19 4 N,80 9 47 E
Pattipulam,NE,89,38-43,115-120,12 41 24 N,80 35 43 E
Thoduvai,SE,127,53-58,289-294,10 58 10 N,80 14 47 E
Panaiyur Chinnakuppam,NE,65,24-29,42-47,12 24 21 N,80 15 30 E
Periya Neelankarai,SE,101,55-60,1119-1124,12 50 48 N,80 46 44 E
Injampakkam,SE,101,52-57,634-639,12 49 46 N,80 44 43 E
Vellapallam,NE,88,15-20,11-16,10 31 4 N,80 0 41 E
Kokilamedu,NE,86,31-36,79-84,12 36 41 N,80 29 25 E
Umarikuppam,NE,79,31-36,59-64,12 34 55 N,80 27 59 E
Akkaraipettai,SE,119,27-32,33-38,10 37 44 N,80 4 54 E
Velanganni,SE,107,23-28,33-38,10 36 39 N,80 4 32 E
Vettaikaranrippu,SE,98,18-23,17-22,10 32 49 N,80 2 8 E
Meyyurkuppam,NE,77,32-37,74-79,12 35 48 N,80 28 43 E
Chinnangudi,SE,123,32-37,61-66,10 55 38 N,80 7 23 E
Ekkiyarkuppam,NE,55,22-27,21-26,12 18 33 N,80 8 46 E
Salavankuppam,NE,87,36-41,101-106,12 40 18 N,80 33 43 E
Sathurangapattinam,NE,81,29-34,52-57,12 34 8 N,80 27 10 E
Uyyalikuppam,NE,78,25-30,53-58,12 32 17 N,80 24 20 E
Panithittu,SE,114,19-24,91-96,11 44 5 N,79 58 33 E
Mudaliarkuppam,SE,136,27-32,393-398,11 52 17 N,80 4 17 E
Killai,NE,38,15-20,35-40,11 33 47 N,79 54 10 E
Nambiyar Nagar,SE,116,27-32,44-49,10 39 56 N,80 5 31 E
Vanagiri,SE,122,33-38,69-74,10 57 47 N,80 8 6 E
Samanthapettai,NE,62,16-21,26-31,11 37 35 N,79 54 27 E
Thandhirayankuppam,SE,130,26-31,527-532,11 48 25 N,80 2 35 E
Thengaithittu,SE,128,25-30,284-289,11 45 33 N,80 1 22 E
Mamallapuram,NE,86,32-37,84-89,12 38 22 N,80 30 56 E
Ganapathichettikulam,SE,137,27-32,396-401,11 50 57 N,80 3 25 E
Poombuhar,SE,120,33-38,69-74,10 58 49 N,80 8 35 E
Mahabalipuram,NE,85,34-39,87-92,12 39 5 N,80 31 49 E
Devanampattinam,SE,99,16-21,17-22,11 43 1 N,79 57 23 E
Nagapattinam Harbour,SE,117,27-32,36-41,10 38 49 N,80 5 14 E
Chinna Neelankarai,SE,101,57-62,1361-1366,12 51 23 N,80 47 43 E
Parangipettai,NE,59,15-20,42-47,11 34 58 N,79 54 28 E
Bommayanpettai (Vellakoil,SE,132,33-38,45-50,10 50 6 N,80 6 0 E
Coromandel,SE,97,14-19,54-59,13 26 7 N,80 27 25 E
Moorthipudukuppam,SE,109,18-23,50-55,11 43 49 N,79 58 6 E
Pondicherry,SE,127,25-30,339-344,11 45 56 N,80 1 45 E
Kottivakkam,SE,99,59-64,1695-1700,12 53 3 N,80 49 14 E
Bommaiyarpalyam,SE,131,26-31,497-502,11 49 27 N,80 2 52 E
Pazhayar,NE,20,21-26,37-42,11 33 19 N,79 54 29 E
Thazhanguda,SE,105,17-22,19-24,11 43 26 N,79 57 43 E
